Kod;MuvelesiAg;1;2;3;4;5;6;7;8
1;"szántó";32.1;24.3;22.6;20;15.6;13.2;5.6;3.8
1;"rét";38.2;29.5;23.5;15.6;11.5;9;5.9;3.5
1;"szőlő";76.5;60.8;45.2;36.5;26.9;18.2;10.1;0
1;"kert";38.2;34.8;31.3;28.7;26.1;23.5;19.1;7
1;"gyümölcsös";38.2;34.8;31.3;28.7;26.1;23.5;19.1;14.8
1;"legelő";11.1;10.1;9;8.3;5.9;3.8;2.6;1.2
1;"nádas";0;0;0;0;0;0;0;0
1;"fásított terület";6.6;5.2;4.5;3.8;3.1;2.3;1.7;1
2;"szántó";21.7;14.8;8;3.8;1.9;0;0;0
2;"rét";28.7;25.2;16.5;12.5;10.8;8.7;3.3;0
2;"szőlő";32.1;22.6;16.5;8.7;0;0;0;0
2;"kert";31.3;28.7;26.9;20.9;8.7;0;0;0
2;"gyümölcsös";31.3;28.7;26.9;20.9;0;0;0;0
2;"legelő";9;6.3;4.5;2.6;1.9;0;0;0
2;"nádas";0;0;0;0;0;0;0;0
2;"fásított terület";5.9;5.2;4.5;3.1;2.3;1.6;1;0.7
3;"szántó";43.4;34.8;26.1;17.4;12.5;9.7;7;1.9
3;"rét";33.9;26.1;20;13.6;9.7;7.6;3.5;1.2
3;"szőlő";66;52.1;43.4;29.5;17.4;0;0;0
3;"kert";90.4;79.9;69.5;55.6;46.9;34.8;29.5;0
3;"gyümölcsös";90.4;79.9;69.5;55.6;46.9;34.8;29.5;0
3;"legelő";26.1;18.2;11.8;8;3.8;2.8;1.2;0
3;"nádas";31.3;0;0;0;0;0;0;0
3;"fásított terület";14.8;11.5;10.4;9;8;0;0;0
4;"szántó";38.2;32.1;26.1;19.1;11.5;7;3.5;1.4
4;"rét";31.3;20;13.9;8.7;3.5;0.6;0;0
4;"szőlő";55.6;45.2;34.8;24.3;13.9;0;0;0
4;"kert";45.2;31.3;13.9;0;0;0;0;0
4;"gyümölcsös";45.2;31.3;13.9;0;0;0;0;0
4;"legelő";19.1;13.2;7;3.1;0.9;0.3;0;0
4;"nádas";36.5;26.1;17.4;10.4;0;0;0;0
4;"fásított terület";9.7;5.9;3.3;2.3;0;0;0;0
5;"szántó";38.2;32.1;26.1;19.1;11.5;7;3.5;1.4
5;"rét";33;20;13.9;8.7;3.5;0.6;0;0
5;"szőlő";55.6;45.2;34.8;24.3;13.9;0;0;0
5;"kert";62.6;50.4;38.2;13.9;0;0;0;0
5;"gyümölcsös";62.6;50.4;38.2;13.9;0;0;0;0
5;"legelő";20;13.2;7;3.1;0.9;0.3;0;0
5;"nádas";36.5;26.1;17.4;10.4;0;0;0;0
5;"fásított terület";8.3;5.9;3.3;2.3;1.2;0.6;0.1;0
6;"szántó";38.2;32.1;26.1;19.1;12.9;9;5.6;3.1
6;"rét";40;33;23.5;17.4;12.5;9.4;6.6;3.8
6;"szőlő";114.7;86.9;69.5;55.6;43.4;28.7;17.4;10.4
6;"kert";48.7;38.2;27.8;18.2;13.2;7.3;0;0
6;"gyümölcsös";48.7;38.2;27.8;18.2;13.2;0;0;0
6;"legelő";13.9;9;5.9;3.8;2.4;1.4;0.9;0
6;"nádas";2.4;0;0;0;0;0;0;0
6;"fásított terület";9;6.6;4.2;3.1;2.4;1.4;1;0
7;"szántó";32.1;26.1;19.1;14.8;10.4;7;4.2;2.4
7;"rét";41.7;32.1;26.9;20.9;15.6;11.5;7.3;3.8
7;"szőlő";55.6;41.7;30.4;20;15.6;10.8;7;0
7;"kert";41.7;29.5;22.6;18.2;14.8;11.5;7.3;0
7;"gyümölcsös";41.7;29.5;22.6;18.2;14.8;11.5;0;0
7;"legelő";17.4;12.5;7;3.5;1.9;0.9;0;0
7;"nádas";7;2.4;0;0;0;0;0;0
7;"fásított terület";5.2;4.5;2.4;1;0.6;0;0;0
8;"szántó";32.1;26.1;19.1;13.6;9;5.6;3.5;1.7
8;"rét";41.7;31.3;25.2;19.1;13.9;9.4;6.3;3.8
8;"szőlő";41.7;33.9;30.4;24.3;20;16.5;12.5;7.6
8;"kert";33.9;29.5;24.3;19.1;13.9;9.4;7;0
8;"gyümölcsös";33.9;29.5;24.3;19.1;13.9;9.4;7;0
8;"legelő";17.4;12.5;6.3;3.1;1.6;0.6;0;0
8;"nádas";2.4;0;0;0;0;0;0;0
8;"fásított terület";4.2;2.4;1.2;0;0;0;0;0
9;"szántó";45.2;41.7;34.8;24.3;17.4;11.5;6.3;1.7
9;"rét";33;25.2;19.1;7.6;1;0;0;0
9;"szőlő";45.2;31.3;17.4;0;0;0;0;0
9;"kert";45.2;33.9;19.1;0;0;0;0;0
9;"gyümölcsös";45.2;33.9;19.1;0;0;0;0;0
9;"legelő";32.1;21.7;13.6;8.7;3.5;1.6;0;0
9;"nádas";26.9;0;0;0;0;0;0;0
9;"fásított terület";9.7;6.6;3.3;0;0;0;0;0
10;"szántó";43.4;38.2;31.3;20.9;16.5;11.5;5.2;3.5
10;"rét";31.3;22.6;13.9;10.4;8.3;1.4;0;0
10;"szőlő";43.4;25.2;7;0;0;0;0;0
10;"kert";43.4;38.2;0;0;0;0;0;0
10;"gyümölcsös";43.4;38.2;0;0;0;0;0;0
10;"legelő";21.7;12.2;8.7;3.5;1.4;0;0;0
10;"nádas";36.5;13.9;4.2;1.4;0;0;0;0
10;"fásított terület";15.6;11.8;9.7;8.3;7.3;5.2;0;0
11;"szántó";46.9;43.4;34.8;23.5;18.2;13.2;6.3;3.5
11;"rét";32.1;27.8;17.4;12.2;9.7;4.5;2.1;0
11;"szőlő";46.9;26.1;7;0;0;0;0;0
11;"kert";52.1;41.7;0;0;0;0;0;0
11;"gyümölcsös";52.1;41.7;0;0;0;0;0;0
11;"legelő";32.1;20.9;13.9;9.7;3.8;1.4;0;0
11;"nádas";43.4;17.4;1.6;0;0;0;0;0
11;"fásított terület";19.1;14.8;12.9;8;7;4.9;2.4;0
12;"szántó";26.1;22.6;16.5;12.2;8.7;6.3;4.2;2.8
12;"rét";24.3;19.1;15.6;11.8;7.6;3.5;2.8;1.7
12;"szőlő";55.6;48.7;41.7;31.3;24.3;17.4;13.9;10.4
12;"kert";31.3;27.8;24.3;22.6;20.9;17.4;9;0
12;"gyümölcsös";31.3;27.8;24.3;22.6;20.9;17.4;0;0
12;"legelő";12.5;8.7;4.2;2.4;0.9;0;0;0
12;"nádas";8;0;0;0;0;0;0;0
12;"fásított terület";8;5.9;4.5;3.1;2.4;1.7;1;0.5
13;"szántó";32.1;28.7;24.3;17.4;10.4;7;2.6;1.2
13;"rét";28.7;22.6;17.4;12.2;7;1.7;1;0
13;"szőlő";36.5;24.3;11.5;0;0;0;0;0
13;"kert";48.7;41.7;36.5;24.3;10.4;0;0;0
13;"gyümölcsös";48.7;41.7;36.5;0;0;0;0;0
13;"legelő";18.2;10.1;3.8;2.1;1;0;0;0
13;"nádas";27.8;15.6;4.2;0;0;0;0;0
13;"fásított terület";12.9;10.4;8.3;5.2;2.8;0;0;0
14;"szántó";32.1;28.7;24.3;17.4;10.4;7;2.6;0
14;"rét";28.7;22.6;20.9;12.2;7;1.7;1;0
14;"szőlő";36.5;24.3;11.5;0;0;0;0;0
14;"kert";36.5;26.9;20.9;0;0;0;0;0
14;"gyümölcsös";36.5;26.9;20.9;0;0;0;0;0
14;"legelő";17.4;8.7;3.8;2.1;1;0;0;0
14;"nádas";33.9;17.4;4.2;1.6;0;0;0;0
14;"fásított terület";14.8;11.8;8.3;0;0;0;0;0
15;"0";0;0;0;0;0;0;0;0
15;"szántó";53.9;41.7;31.3;26.1;20.9;13.9;9.7;3.5
15;"rét";57.3;50.4;43.4;38.2;31.3;19.1;13.9;10.4
15;"szőlő";139;118.2;97.3;76.5;57.3;41.7;24.3;13.9
15;"kert";187.7;139;86.9;53.9;40;33.9;18.2;13.9
15;"gyümölcsös";187.7;139;86.9;53.9;40;33.9;18.2;13.9
15;"legelő";32.1;17.4;12.2;5.6;2.4;1.4;0;0
15;"nádas";55.6;41.7;31.3;17.4;0;0;0;0
15;"fásított terület";9;8;6.3;5.2;3;1.9;0.2;0
16;"szántó";40;34.8;27.8;22.6;17.4;10.4;4.2;2.1
16;"rét";32.1;27.8;20;8.7;0;0;0;0
16;"szőlő";73;52.1;34.8;19.1;0;0;0;0
16;"kert";55.6;45.2;29.5;10.4;0;0;0;0
16;"gyümölcsös";55.6;45.2;29.5;0;0;0;0;0
16;"legelő";18.2;12.2;7.6;2.8;1;0;0;0
16;"nádas";45.2;33;20;14.8;4.2;0;0;0
16;"fásított terület";11.8;7.6;3.5;1.9;0.6;0;0;0
17;"szántó";41.7;33.9;27.8;20.9;15.6;10.4;4.2;2.1
17;"rét";41.7;28.7;22.6;15.6;9.7;0;0;0
17;"szőlő";48.7;38.2;26.1;16.5;0;0;0;0
17;"kert";53.9;29.5;10.4;0;0;0;0;0
17;"gyümölcsös";53.9;29.5;0;0;0;0;0;0
17;"legelő";14.8;10.4;7;2.8;0.7;0;0;0
17;"nádas";45.2;36.5;31.3;20;4.2;0;0;0
17;"fásított terület";11.8;7.6;3.5;1.9;0.6;0;0;0
18;"szántó";55.6;45.2;38.2;26.9;19.1;12.2;4.9;0
18;"rét";69.5;55.6;32.1;29.5;16.5;0;0;0
18;"szőlő";92.1;67.8;57.3;46.9;34.8;26.9;0;0
18;"kert";79.9;62.6;48.7;40;34.8;21.7;12.2;8.3
18;"gyümölcsös";79.9;62.6;48.7;40;34.8;21.7;0;0
18;"legelő";26.1;12.5;8.7;7;4.2;1.9;0;0
18;"nádas";0;0;0;0;0;0;0;0
18;"fásított terület";11.1;8.3;7.3;6.3;5.2;4.5;3.8;2.8
19;"0";0;0;0;0;0;0;0;0
19;"szántó";43.4;38.2;29.5;21.7;15.6;6.3;4.5;0
19;"rét";69.5;48.7;34.8;30.4;26.1;13.9;9;0
19;"szőlő";74.7;57.3;48.7;34.8;26.1;0;0;0
19;"kert";83.4;67.8;57.3;50.4;33.9;26.1;17.4;0
19;"gyümölcsös";83.4;67.8;57.3;50.4;33.9;26.1;0;0
19;"legelő";9.4;6.6;3.5;1.6;0;0;0;0
19;"nádas";0;0;0;0;0;0;0;0
19;"fásított terület";8;7;6.3;5.6;4.2;3.5;2.4;0
20;"szántó";34.8;30.4;23.5;17.4;12.2;6.3;2.6;1.7
20;"rét";45.2;34.8;31.3;26.1;20;15.6;9;3.1
20;"szőlő";62.6;43.4;36.5;30.4;26.9;22.6;17.4;11.1
20;"kert";45.2;36.5;27.8;22.6;7;0;0;0
20;"gyümölcsös";45.2;36.5;27.8;22.6;7;0;0;0
20;"legelő";15.6;10.8;6.6;3;1.9;0.7;0;0
20;"nádas";20.9;10.4;0;0;0;0;0;0
20;"fásított terület";8;5.6;4.2;2.8;2.3;1.4;0.7;0
21;"szántó";41.7;34.8;26.1;20.9;15.6;10.4;5.6;2.6
21;"rét";43.4;33;29.5;26.1;20;14.8;9;3.5
21;"szőlő";59.1;41.7;36.5;31.3;25.2;20;12.9;8.3
21;"kert";50.4;41.7;34.8;29.5;22.6;11.8;0;0
21;"gyümölcsös";50.4;41.7;34.8;29.5;22.6;11.8;0;0
21;"legelő";16.5;12.2;7;4.2;3;1.2;0;0
21;"nádas";0;20.9;0;0;0;0;0;0
21;"fásított terület";7;4.2;3.1;2.1;1.7;0.9;0.3;0
22;"szántó";46.9;43.4;36.5;26.9;18.2;13.9;9.7;4.9
22;"rét";50.4;41.7;34.8;26.9;10.8;5.6;0;0
22;"szőlő";92.1;73;57.3;43.4;36.5;27.8;22.6;0
22;"kert";59.1;57.3;41.7;28.7;11.5;0;0;0
22;"gyümölcsös";59.1;57.3;41.7;28.7;11.5;0;0;0
22;"legelő";22.6;11.1;6.6;0;0;0;0;0
22;"nádas";0;0;0;0;0;0;0;0
22;"fásított terület";8.7;6.3;4.5;3.5;2.4;0;0;0
23;"szántó";45.2;40;34.8;24.3;18.2;13.6;7.6;2.8
23;"rét";38.2;31.3;17.4;10.1;4.2;2.1;0;0
23;"szőlő";62.6;36.5;20;8.7;3.5;0;0;0
23;"kert";104.3;48.7;29.5;21.7;9;0;0;0
23;"gyümölcsös";104.3;48.7;29.5;21.7;9;0;0;0
23;"legelő";28.7;18.2;10.4;5.6;2.4;1.4;0;0
23;"nádas";41.7;17.4;1.6;0;0;0;0;0
23;"fásított terület";15.6;13.2;10.4;9;7.3;4.2;2.1;0
24;"szántó";40;34.8;25.2;18.2;13.2;6.6;2.8;1.2
24;"rét";31.3;24.3;16.5;9.4;3.5;1.9;1;0
24;"szőlő";36.5;26.9;19.1;3.5;0;0;0;0
24;"kert";50.4;43.4;30.4;21.7;8;0;0;0
24;"gyümölcsös";50.4;43.4;30.4;21.7;8;0;0;0
24;"legelő";25.2;17.4;10.4;4.9;2.1;1;0;0
24;"nádas";34.8;16.5;4.5;1.2;0;0;0;0
24;"fásított terület";13.2;9;7.3;5.6;3.5;0;0;0
25;"szántó";33.9;29.5;20.9;15.6;13.2;9.4;5.2;3.5
25;"rét";50.4;36.5;30.4;21.7;14.8;11.5;4.5;2.6
25;"szőlő";113;92.1;73;52.1;40;22.6;15.6;0
25;"kert";55.6;50.4;40;27.8;15.6;9.4;0;0
25;"gyümölcsös";55.6;50.4;40;27.8;0;0;0;0
25;"legelő";19.1;12.5;9.4;5.2;2.6;0;0;0
25;"nádas";21.7;0;0;0;0;0;0;0
25;"fásított terület";10.4;8.7;7.3;5.6;4.5;3.8;3;1.9
26;"szántó";27.8;21.7;13.9;10.8;9;3.8;0;0
26;"rét";46.9;34.8;25.2;5.9;0;0;0;0
26;"szőlő";43.4;20;0;0;0;0;0;0
26;"kert";50.4;46.9;24.3;10.8;0;0;0;0
26;"gyümölcsös";50.4;46.9;24.3;0;0;0;0;0
26;"legelő";12.5;9;3.5;2.1;0;0;0;0
26;"nádas";0;0;0;0;0;0;0;0
26;"fásított terület";10.4;8.7;7.3;5.6;3.8;3;1.9;1.2
27;"szántó";41.7;34.8;27.8;20.9;14.8;8.3;4.2;2.1
27;"rét";41.7;33.9;27.8;21.7;15.6;10.4;4.2;0
27;"szőlő";67.8;57.3;41.7;27.8;20.9;13.2;8.7;3.8
27;"kert";50.4;46.9;40;23.5;20;9.4;0;0
27;"gyümölcsös";50.4;46.9;40;23.5;20;9.4;0;0
27;"legelő";15.6;11.8;9.7;8;4.9;3;1.9;1
27;"nádas";15.6;9;0;0;0;0;0;0
27;"fásított terület";8.7;7;5.2;4.2;2.8;1.7;0;0
28;"szántó";40;33.9;25.2;19.1;14.8;10.4;5.6;2.1
28;"rét";43.4;34.8;28.7;23.5;15.6;9;5.6;3
28;"szőlő";66;52.1;43.4;29.5;21.7;14.8;3.8;0
28;"kert";57.3;50.4;46.9;40;17.4;9;0;0
28;"gyümölcsös";57.3;50.4;46.9;40;17.4;9;0;0
28;"legelő";18.2;12.5;9.7;7.3;4.5;3.3;1.7;0.9
28;"nádas";34.8;23.5;13.2;0;0;0;0;0
28;"fásított terület";9;7.3;5.6;4.5;3.1;1;0;0
29;"szántó";34.8;28.7;24.3;19.1;15.6;11.1;7;4.2
29;"rét";40;31.3;25.2;20.9;17.4;13.9;10.4;7
29;"szőlő";41.7;31.3;20.9;17.4;13.9;0;0;0
29;"kert";38.2;34.8;31.3;27.8;24.3;20.9;17.4;10.4
29;"gyümölcsös";38.2;34.8;31.3;27.8;24.3;20.9;17.4;10.4
29;"legelő";20.9;15.6;10.4;7;4.2;3;1.4;0
29;"nádas";0;0;0;0;0;0;0;0
29;"fásított terület";5.2;4.5;3.8;3.1;2.4;1.6;0.7;0
30;"szántó";38.2;34.8;27.8;22.6;17.4;10.4;6.3;3.5
30;"rét";45.2;38.2;33;15.6;10.4;0;0;0
30;"szőlő";34.8;27.8;19.1;13.9;0;0;0;0
30;"kert";50.4;34.8;16.5;8.7;0;0;0;0
30;"gyümölcsös";50.4;34.8;16.5;8.7;0;0;0;0
30;"legelő";26.9;17.4;13.9;10.4;5.9;2.8;0;0
30;"nádas";0;0;0;0;0;0;0;0
30;"fásított terület";8;5.6;3.1;0;0;0;0;0
31;"szántó";45.2;38.2;33;26.1;19.1;11.1;6.3;2.8
31;"rét";46.9;41.7;36.5;17.4;8.7;0;0;0
31;"szőlő";93.8;76.5;55.6;43.4;29.5;22.6;13.9;7
31;"kert";93.8;50.4;36.5;15.6;8.7;0;0;0
31;"gyümölcsös";93.8;50.4;36.5;15.6;8.7;0;0;0
31;"legelő";28.7;24.3;20.9;15.6;7;3.5;1.7;0
31;"nádas";17.4;10.4;0;0;0;0;0;0
31;"fásított terület";8;5.6;3.1;1;0;0;0;0
32;"szántó";45.2;29.5;24.3;19.1;11.1;5.2;3.5;1.4
32;"rét";36.5;31.3;24.3;13.9;9.7;6.3;0;0
32;"szőlő";41.7;34.8;27.8;22.6;17.4;13.9;3.5;0
32;"kert";26.1;22.6;15.6;7.3;0;0;0;0
32;"gyümölcsös";26.1;22.6;15.6;7.3;0;0;0;0
32;"legelő";12.5;8.7;5.2;3.5;1.7;0.3;0;0
32;"nádas";0;0;0;0;0;0;0;0
32;"fásított terület";8;5.6;3.1;1;0;0;0;0
33;"szántó";43.4;34.8;27.8;22.6;15.6;11.1;6.6;3.5
33;"rét";46.9;43.4;40;27.8;26.1;17.4;12.2;7
33;"szőlő";113;83.4;62.6;43.4;33;19.1;13.9;6.3
33;"kert";52.1;46.9;40;22.6;17.4;7;0;0
33;"gyümölcsös";52.1;46.9;40;22.6;17.4;0;0;0
33;"legelő";18.2;12.2;7;4.2;2.8;1.4;0;0
33;"nádas";46.9;27.8;12.2;0;0;0;0;0
33;"fásított terület";12.2;11.1;9.4;7;3.8;1.6;0.7;0
34;"szántó";28.7;24.3;20.9;16.5;12.5;9.7;6.3;3.5
34;"rét";24.3;17.4;13.9;7;3.5;0;0;0
34;"szőlő";15.6;0;0;0;0;0;0;0
34;"kert";38.2;31.3;27.8;24.3;17.4;13.9;0;0
34;"gyümölcsös";38.2;31.3;27.8;24.3;0;0;0;0
34;"legelő";12.5;10.4;8.7;7;5.2;1.7;0;0
34;"nádas";8.7;0;0;0;0;0;0;0
34;"fásított terület";7.6;5.9;4.5;3.5;2.4;2.1;0;0
35;"szántó";22.6;18.2;16.5;13.2;9.7;6.6;4.2;3.1
35;"rét";23.5;20;16.5;13.9;9.4;5.6;3.8;2.8
35;"szőlő";24.3;0;0;0;0;0;0;0
35;"kert";29.5;26.1;22.6;15.6;12.2;8.7;0;0
35;"gyümölcsös";29.5;26.1;22.6;15.6;0;0;0;0
35;"legelő";11.1;9.4;7.6;5.9;4.2;1.7;0;0
35;"nádas";6.3;0;0;0;0;0;0;0
35;"fásított terület";5.6;3.8;3;2.3;1.6;0;0;0
36;"szántó";36.5;31.3;22.6;15.6;11.8;7.6;3.5;1.7
36;"rét";27.8;20.9;17.4;13.9;12.2;9.4;7;3.5
36;"szőlő";48.7;45.2;34.8;27.8;22.6;15.6;0;0
36;"kert";41.7;21.7;9;0;0;0;0;0
36;"gyümölcsös";41.7;21.7;0;0;0;0;0;0
36;"legelő";14.8;11.1;8.7;8;4.9;3.8;1.4;0.7
36;"nádas";50.4;36.5;27.8;17.4;7.6;0;0;0
36;"fásított terület";11.1;7;3.8;2.1;1.4;0.1;0;0
37;"szántó";36.5;31.3;22.6;15.6;10.4;6.6;3.1;1.4
37;"rét";27.8;20.9;17.4;13.9;8.7;7.6;4.2;3.3
37;"szőlő";45.2;34.8;27.8;0;0;0;0;0
37;"kert";31.3;18.2;9.4;0;0;0;0;0
37;"gyümölcsös";31.3;18.2;9.4;0;0;0;0;0
37;"legelő";12.5;6.3;4.9;2.1;1;0.7;0;0
37;"nádas";36.5;17.4;7.6;3.1;0;0;0;0
37;"fásított terület";11.1;7;3.8;1.9;1.4;0.1;0;0
38;"szántó";38.2;31.3;25.2;19.1;13.9;8.3;4.5;2.6
38;"rét";41.7;33;26.1;20.9;15.6;10.4;5.6;3
38;"szőlő";46.9;40;34.8;32.1;26.1;22.6;13.2;10.8
38;"kert";46.9;38.2;29.5;23.5;15.6;13.9;10.8;4.5
38;"gyümölcsös";46.9;38.2;29.5;23.5;15.6;13.9;10.8;4.5
38;"legelő";24.3;17.4;11.1;6.6;3.1;2.3;1.6;0.6
38;"nádas";0;0;0;0;0;0;0;0
38;"fásított terület";5.9;4.2;3.3;2.8;1.9;1.2;0.4;0
39;"szántó";31.3;26.1;20;14.8;10.1;7;3.5;2.1
39;"rét";27.8;22.6;18.2;13.9;10.4;8;4.5;2.6
39;"szőlő";33.9;27.8;24.3;20.9;16.5;12.5;8.3;5.6
39;"kert";34.8;26.9;19.1;15.6;12.5;9;5.2;3.1
39;"gyümölcsös";34.8;26.9;19.1;15.6;12.5;9;5.2;3.1
39;"legelő";12.5;7;5.2;3.1;1.9;1;0.7;0.3
39;"nádas";0;0;0;0;0;0;0;0
39;"fásított terület";5.6;4.2;3.5;2.6;1.9;1.2;0.7;0
40;"szántó";27.8;22.6;17.4;12.2;9;5.6;3.1;1.4
40;"rét";32.1;21.7;14.8;9.7;8;5.6;2.8;0
40;"szőlő";33.9;27.8;24.3;20.9;16.5;12.5;8.3;5.6
40;"kert";28.7;20.9;12.5;9.7;8;2.6;0;0
40;"gyümölcsös";28.7;20.9;12.5;9.7;8;2.6;0;0
40;"legelő";9.4;4.2;1.6;0.4;0;0;0;0
40;"nádas";0;0;0;0;0;0;0;0
40;"fásított terület";3.5;1.9;1.2;0.3;0;0;0;0
41;"szántó";40;36.5;31.3;27.8;20.9;13.9;4.9;2.3
41;"rét";50.4;41.7;34.8;27.8;17.4;13.9;10.4;5.2
41;"szőlő";53.9;40;33;20;12.5;0;0;0
41;"kert";53.9;38.2;26.9;17.4;7;0;0;0
41;"gyümölcsös";53.9;38.2;26.9;17.4;0;0;0;0
41;"legelő";17.4;13.9;7;4.2;2.1;0;0;0
41;"nádas";45.2;29.5;12.2;0;0;0;0;0
41;"fásított terület";8.3;7.3;5.6;4.9;2.6;2.1;1.4;0.1
42;"szántó";36.5;31.3;27.8;22.6;13.9;7;4.2;2.1
42;"rét";45.2;40;34.8;27.8;19.1;13.9;8.7;5.2
42;"szőlő";59.1;50.4;40;26.1;16.5;0;0;0
42;"kert";43.4;29.5;19.1;7;0;0;0;0
42;"gyümölcsös";43.4;29.5;19.1;0;0;0;0;0
42;"legelő";11.8;8.7;5.6;2.4;1;0;0;0
42;"nádas";55.6;29.5;12.2;0;0;0;0;0
42;"fásított terület";8.3;7.3;5.6;4.9;2.6;2.1;1.4;0.1
43;"szántó";41.7;38.2;33.9;27.8;20.9;14.8;8.7;4.2
43;"rét";45.2;38.2;33;8.7;1.7;0;0;0
43;"szőlő";104.3;73;48.7;27.8;0;0;0;0
43;"kert";50.4;38.2;31.3;26.9;0;0;0;0
43;"gyümölcsös";50.4;38.2;31.3;26.9;0;0;0;0
43;"legelő";26.9;20.9;11.1;5.2;2.8;1.4;0;0
43;"nádas";50.4;41.7;0;0;0;0;0;0
43;"fásított terület";11.5;7.6;0;0;0;0;0;0
44;"szántó";38.2;31.3;26.1;19.1;13.2;7.6;4.2;1.7
44;"rét";41.7;34.8;30.4;12.5;6.3;0;0;0
44;"szőlő";104.3;76.5;55.6;48.7;33;17.4;5.6;0
44;"kert";41.7;36.5;27.8;22.6;13.2;7.6;0;0
44;"gyümölcsös";41.7;36.5;27.8;22.6;0;0;0;0
44;"legelő";14.8;6.3;3.1;1.4;0.7;0;0;0
44;"nádas";0;0;0;0;0;0;0;0
44;"fásított terület";5.6;4.2;3.5;2.4;2.3;1.7;0.9;0
45;"szántó";43.4;40;29.5;26.1;18.2;12.2;7.3;3.1
45;"rét";52.1;36.5;29.5;25.2;16.5;14.8;5.9;2.6
45;"szőlő";32.1;0;0;0;0;0;0;0
45;"kert";53.9;43.4;22.6;12.2;7.3;0;0;0
45;"gyümölcsös";53.9;43.4;22.6;0;0;0;0;0
45;"legelő";26.1;16.5;13.9;8.7;6.3;2.3;0;0
45;"nádas";40;29.5;23.5;17.4;10.8;0;0;0
45;"fásított terület";11.1;9.7;8.7;8;7.3;5.6;4.2;1.7
46;"szántó";34.8;33;28.7;24.3;17.4;13.9;7;3.5
46;"rét";50.4;43.4;38.2;26.1;14.8;9;4.5;2.6
46;"szőlő";25.2;0;0;0;0;0;0;0
46;"kert";36.5;29.5;12.5;7.3;0;0;0;0
46;"gyümölcsös";36.5;29.5;12.5;0;0;0;0;0
46;"legelő";18.2;14.8;8.3;2.6;0;0;0;0
46;"nádas";40;24.3;11.8;0;0;0;0;0
46;"fásított terület";8.3;7.3;5.6;4.2;2.8;0;0;0
47;"szántó";50.4;43.4;33.9;31.3;26.1;18.2;10.4;3.8
47;"rét";64.3;52.1;38.2;31.3;20.9;14.8;5.9;2.6
47;"szőlő";32.1;18.2;0;0;0;0;0;0
47;"kert";85.1;62.6;53.9;43.4;40;27.8;18.2;7.3
47;"gyümölcsös";85.1;62.6;53.9;43.4;40;27.8;0;0
47;"legelő";26.1;17.4;14.8;9;6.3;0;0;0
47;"nádas";40;29.5;23.5;17.4;10.8;6.6;0;0
47;"fásított terület";9.7;8.7;7.3;6.3;5.2;4.2;0;0
48;"szántó";41.7;33.9;27.8;22.6;17.4;13.2;9.7;3.3
48;"rét";57.3;52.1;38.2;30.4;24.3;20.9;14.8;8
48;"szőlő";74.7;59.1;43.4;36.5;31.3;25.2;19.1;13.2
48;"kert";69.5;48.7;36.5;31.3;15.6;7.6;0;0
48;"gyümölcsös";69.5;48.7;36.5;31.3;15.6;0;0;0
48;"legelő";16.5;13.2;9;2.4;0;0;0;0
48;"nádas";40;29.5;23.5;17.4;0;0;0;0
48;"fásított terület";10.8;7.6;6.3;4.5;3.5;2.1;0;0
49;"szántó";38.2;32.1;26.1;19.1;10.4;6.3;2.4;1.6
49;"rét";31.3;21.7;15.6;8.7;1.7;1;0;0
49;"szőlő";36.5;26.9;20;13.9;11.1;3.5;0;0
49;"kert";43.4;29.5;24.3;17.4;10.4;0;0;0
49;"gyümölcsös";43.4;29.5;24.3;17.4;0;0;0;0
49;"legelő";18.2;8.7;5.9;2.8;1.2;0;0;0
49;"nádas";15.6;1.2;0;0;0;0;0;0
49;"fásított terület";15.6;12.2;9;5.6;3;0;0;0
50;"szántó";27.8;22.6;16.5;13.6;7;4.2;2.6;1.2
50;"rét";22.6;15.6;8.7;1.7;1;0;0;0
50;"szőlő";31.3;24.3;20;11.1;3.5;0;0;0
50;"kert";41.7;25.2;16.5;7.3;0;0;0;0
50;"gyümölcsös";41.7;25.2;0;0;0;0;0;0
50;"legelő";15.6;8.7;2.8;1;0;0;0;0
50;"nádas";15.6;1.2;0;0;0;0;0;0
50;"fásított terület";12.2;10.4;9;5.6;3;0;0;0
51;"szántó";40;34.8;29.5;24.3;17.4;11.1;6.3;3.1
51;"rét";41.7;34.8;28.7;26.1;19.1;13.9;5.2;2.8
51;"szőlő";69.5;55.6;41.7;27.8;17.4;0;0;0
51;"kert";45.2;36.5;31.3;24.3;0;0;0;0
51;"gyümölcsös";45.2;36.5;31.3;24.3;0;0;0;0
51;"legelő";21.7;17.4;13.9;10.4;7;4.2;2.8;1
51;"nádas";41.7;26.1;17.4;0;0;0;0;0
51;"fásított terület";11.1;9;5.6;0;0;0;0;0
52;"szántó";34.8;31.3;26.1;21.7;15.6;10.4;5.6;2.4
52;"rét";32.1;27.8;24.3;20.9;17.4;12.2;3.5;1.7
52;"szőlő";34.8;31.3;26.1;0;0;0;0;0
52;"kert";41.7;33;26.1;20.9;0;0;0;0
52;"gyümölcsös";41.7;33;26.1;20.9;0;0;0;0
52;"legelő";18.2;13.9;10.4;7;4.5;3.5;2.8;1
52;"nádas";41.7;26.1;17.4;0;0;0;0;0
52;"fásított terület";11.1;9;5.6;0;0;0;0;0
53;"szántó";43.4;34.8;29.5;24.3;16.5;11.1;6.3;1.7
53;"rét";33;23.5;16.5;9;5.6;0.9;0;0
53;"szőlő";52.1;45.2;33;22.6;13.2;0;0;0
53;"kert";52.1;43.4;29.5;13.2;0;0;0;0
53;"gyümölcsös";52.1;43.4;29.5;13.2;0;0;0;0
53;"legelő";20.9;13.6;8.7;3.5;1;0;0;0
53;"nádas";43.4;27.8;13.9;0;0;0;0;0
53;"fásított terület";9.7;6.6;3.3;0;0;0;0;0
54;"szántó";41.7;32.1;27.8;22.6;15.6;10.4;5.9;1.7
54;"rét";33;23.5;16.5;9;5.6;0.9;0;0
54;"szőlő";52.1;45.2;33;22.6;13.2;0;0;0
54;"kert";50.4;40;27.8;12.5;0;0;0;0
54;"gyümölcsös";50.4;40;27.8;12.5;0;0;0;0
54;"legelő";20.9;13.6;8.7;3.5;1;0;0;0
54;"nádas";43.4;27.8;13.9;0;0;0;0;0
54;"fásított terület";9.7;6.6;3.3;0;0;0;0;0
55;"szántó";46.9;41.7;33;26.1;18.2;11.8;7.6;2.4
55;"rét";50.4;43.4;36.5;26.1;21.7;14.8;4.9;0
55;"szőlő";48.7;40;31.3;24.3;16.5;12.2;8;0
55;"kert";50.4;40;31.3;20.9;12.2;0;0;0
55;"gyümölcsös";50.4;40;31.3;20.9;0;0;0;0
55;"legelő";26.1;19.1;13.2;9.4;6.6;4.9;2.6;1.4
55;"nádas";6.3;0;0;0;0;0;0;0
55;"fásított terület";8.7;5.9;4.2;3;2.4;1.6;0;0
56;"szántó";38.2;31.3;24.3;17.4;11.1;6.3;2.3;0
56;"rét";41.7;33.9;25.2;20;13.9;9.4;3.5;0
56;"szőlő";45.2;38.2;31.3;24.3;16.5;12.2;0;0
56;"kert";48.7;38.2;29.5;20.9;12.2;0;0;0
56;"gyümölcsös";48.7;38.2;29.5;20.9;0;0;0;0
56;"legelő";16.5;11.8;8.7;6.3;4.5;2.4;1.4;0
56;"nádas";0;0;0;0;0;0;0;0
56;"fásított terület";8.7;7.3;5.9;4.5;3;1.6;0;0
57;"szántó";34.8;27.8;22.6;16.5;9.7;5.2;3.1;1.7
57;"rét";38.2;31.3;24.3;18.2;12.5;8.3;3.5;0
57;"szőlő";45.2;38.2;30.4;23.5;15.6;0;0;0
57;"kert";41.7;33;27.8;20;10.4;0;0;0
57;"gyümölcsös";41.7;33;27.8;20;10.4;0;0;0
57;"legelő";12.5;9;7;5.6;3.5;2.6;1;0
57;"nádas";10.4;0;0;0;0;0;0;0
57;"fásított terület";4.5;3.5;3;2.3;1.7;0;0;0
58;"szántó";29.5;22.6;16.5;10.4;4.2;2.1;0;0
58;"rét";43.4;32.1;17.4;9.7;0;0;0;0
58;"szőlő";40;24.3;16.5;8;0;0;0;0
58;"kert";40;27.8;20;12.2;0;0;0;0
58;"gyümölcsös";40;27.8;20;0;0;0;0;0
58;"legelő";11.8;5.9;2.6;1;0;0;0;0
58;"nádas";0;0;0;0;0;0;0;0
58;"fásított terület";1.7;1.2;0.7;0;0;0;0;0
59;"szántó";40;34.8;25.2;20.9;13.9;8;4.2;2.1
59;"rét";45.2;36.5;27.8;24.3;20.9;8;4.2;0
59;"szőlő";69.5;55.6;41.7;27.8;17.4;0;0;0
59;"kert";48.7;41.7;25.2;16.5;8;0;0;0
59;"gyümölcsös";48.7;41.7;25.2;0;0;0;0;0
59;"legelő";31.3;20.9;12.2;7;5.2;1.7;0;0
59;"nádas";53.9;34.8;8.7;0;0;0;0;0
59;"fásított terület";11.1;7.6;3.5;1.2;0;0;0;0
60;"szántó";40;34.8;26.1;17.4;10.4;4.2;1.7;0
60;"rét";36.5;29.5;20.9;13.9;5.2;4.2;0;0
60;"szőlő";34.8;26.1;0;0;0;0;0;0
60;"kert";48.7;20.9;0;0;0;0;0;0
60;"gyümölcsös";48.7;20.9;0;0;0;0;0;0
60;"legelő";27.8;20.9;13.9;5.2;1.7;0;0;0
60;"nádas";53.9;34.8;8.7;0;0;0;0;0
60;"fásított terület";11.1;7.6;3.5;1.2;0;0;0;0
61;"szántó";45.2;38.2;33.9;26.9;17.4;9.7;5.2;2.3
61;"rét";20.9;17.4;10.4;5.2;2.8;0;0;0
61;"szőlő";41.7;34.8;22.6;6.3;0;0;0;0
61;"kert";53.9;43.4;24.3;16.5;3.3;0;0;0
61;"gyümölcsös";53.9;43.4;24.3;16.5;3.3;0;0;0
61;"legelő";20.9;13.9;10.8;6.3;2.4;1;0;0
61;"nádas";33.9;23.5;14.8;3.5;0;0;0;0
61;"fásított terület";11.8;8.3;5.6;4.2;3.5;2.4;0.5;0
62;"szántó";46.9;40;32.1;26.1;18.2;10.4;5.6;2.4
62;"rét";52.1;43.4;38.2;26.9;20.9;15.6;9;3.5
62;"szőlő";46.9;41.7;30.4;20;10.4;0;0;0
62;"kert";55.6;41.7;34.8;26.9;19.1;12.2;0;0
62;"gyümölcsös";55.6;41.7;34.8;26.9;19.1;12.2;0;0
62;"legelő";20.9;11.8;8.3;5.2;3.1;1.7;0.7;0
62;"nádas";20.9;10.4;6.3;0;0;0;0;0
62;"fásított terület";8.3;6.6;5.6;4.2;2.8;2.3;1.4;0.7
63;"szántó";29.5;24.3;19.1;16.5;10.4;7.6;3.5;1.7
63;"rét";40;34.8;31.3;26.1;20;14.8;7.6;3.5
63;"szőlő";48.7;43.4;38.2;24.3;11.1;0;0;0
63;"kert";38.2;29.5;24.3;20.9;12.2;0;0;0
63;"gyümölcsös";38.2;29.5;24.3;20.9;12.2;0;0;0
63;"legelő";12.5;10.1;7;5.9;3.5;2.6;1.6;0.7
63;"nádas";20.9;10.4;0;0;0;0;0;0
63;"fásított terület";8;5.2;3.8;2.6;2.1;1.2;0.6;0.3
64;"szántó";55.6;46.9;34.8;27.8;24.3;13.9;9.4;4.5
64;"rét";46.9;43.4;26.1;18.2;12.5;7.3;4.9;0.6
64;"szőlő";22.6;0;0;0;0;0;0;0
64;"kert";66;53.9;40;36.5;13.9;7.3;0;0
64;"gyümölcsös";66;53.9;40;36.5;13.9;7.3;0;0
64;"legelő";22.6;15.6;8;4.5;0;0;0;0
64;"nádas";45.2;24.3;0;0;0;0;0;0
64;"fásított terület";12.5;9.4;8.7;8;7;5.6;3.8;1.2
65;"szántó";45.2;36.5;31.3;26.1;20;13.9;9.4;5.6
65;"rét";43.4;40;29.5;18.2;12.5;7.3;4.9;0.9
65;"szőlő";36.5;30.4;0;0;0;0;0;0
65;"kert";53.9;52.1;45.2;41.7;36.5;20;8;0
65;"gyümölcsös";53.9;52.1;45.2;41.7;36.5;0;0;0
65;"legelő";19.1;17.4;10.8;9;4.2;2.1;0;0
65;"nádas";45.2;24.3;0;0;0;0;0;0
65;"fásított terület";9.4;8;7;5.6;3.8;2.4;0;0
66;"szántó";48.7;36.5;31.3;24.3;21.7;18.2;13.2;5.6
66;"rét";59.1;50.4;46.9;33.9;28.7;26.1;12.2;3.8
66;"szőlő";22.6;0;0;0;0;0;0;0
66;"kert";50.4;46.9;43.4;36.5;18.2;8;0;0
66;"gyümölcsös";50.4;46.9;43.4;36.5;0;0;0;0
66;"legelő";23.5;18.2;12.5;10.8;9;5.6;0;0
66;"nádas";38.2;24.3;0;0;0;0;0;0
66;"fásított terület";12.5;11.1;9.4;8;7;5.6;3.8;0
67;"szántó";43.4;36.5;29.5;24.3;18.2;12.5;8;3
67;"rét";46.9;40;33;27.8;22.6;17.4;11.5;3.5
67;"szőlő";59.1;46.9;41.7;27.8;13.9;8.3;7;0
67;"kert";52.1;43.4;34.8;21.7;14.8;0;0;0
67;"gyümölcsös";52.1;43.4;34.8;21.7;14.8;0;0;0
67;"legelő";20.9;14.8;11.8;8.3;5.2;2.6;1.2;0
67;"nádas";46.9;20.9;10.4;0;0;0;0;0
67;"fásított terület";7;6.3;5.2;3.5;2.4;1.7;0;0
68;"szántó";36.5;29.5;22.6;17.4;11.5;7;3.3;2.1
68;"rét";41.7;33;27.8;23.5;17.4;13.9;9;3.5
68;"szőlő";53.9;48.7;40;27.8;21.7;11.8;6.3;0
68;"kert";45.2;38.2;33;25.2;20.9;17.4;13.9;10.4
68;"gyümölcsös";45.2;38.2;33;25.2;20.9;17.4;13.9;10.4
68;"legelő";12.5;7.6;4.9;2.6;1;0;0;0
68;"nádas";20.9;10.4;0;0;0;0;0;0
68;"fásított terület";5.9;4.9;2.8;2.3;1.4;0;0;0
69;"szántó";40;34.8;26.1;19.1;13.9;10.4;5.2;3.1
69;"rét";30.4;20.9;17.4;4.2;2.8;0;0;0
69;"szőlő";40;31.3;13.2;0;0;0;0;0
69;"kert";48.7;41.7;26.1;19.1;8.7;0;0;0
69;"gyümölcsös";48.7;41.7;8.7;0;0;0;0;0
69;"legelő";16.5;11.5;3.5;1.7;0;0;0;0
69;"nádas";15.6;0;0;0;0;0;0;0
69;"fásított terület";12.5;10.4;9;5.6;0;0;0;0
70;"szántó";38.2;33;24.3;17.4;10.4;8.7;4.9;2.8
70;"rét";32.1;20.9;12.2;6.3;3.5;0;0;0
70;"szőlő";40;26.1;13.2;0;0;0;0;0
70;"kert";46.9;34.8;24.3;16.5;10.1;0;0;0
70;"gyümölcsös";46.9;34.8;24.3;0;0;0;0;0
70;"legelő";14.8;9.7;3.5;1;0;0;0;0
70;"nádas";36.5;15.6;2.1;0;0;0;0;0
70;"fásított terület";12.5;10.4;9;5.6;0;0;0;0
71;"szántó";38.2;33;24.3;17.4;10.4;8.7;4.9;2.8
71;"rét";30.4;17.4;4.2;0;0;0;0;0
71;"szőlő";31.3;22.6;16.5;0;0;0;0;0
71;"kert";46.9;34.8;24.3;0;0;0;0;0
71;"gyümölcsös";46.9;34.8;24.3;0;0;0;0;0
71;"legelő";12.5;6.3;2.8;1.7;0;0;0;0
71;"nádas";18.2;0;0;0;0;0;0;0
71;"fásított terület";12.5;10.4;9;5.6;0;0;0;0
72;"szántó";48.7;34.8;29.5;22.6;17.4;11.1;7;3.5
72;"rét";41.7;34.8;27.8;21.7;15.6;9.4;6.3;0
72;"szőlő";24.3;17.4;0;0;0;0;0;0
72;"kert";62.6;41.7;31.3;24.3;17.4;13.9;0;0
72;"gyümölcsös";62.6;41.7;31.3;24.3;17.4;13.9;0;0
72;"legelő";19.1;14.8;7.6;4.2;2.1;0;0;0
72;"nádas";0;0;0;0;0;0;0;0
72;"fásított terület";7.6;7;5.2;3.8;2.8;1.7;1;0
73;"szántó";29.5;24.3;19.1;13.9;10.4;7.6;4.2;2.8
73;"rét";34.8;27.8;20.9;15.6;9.4;4.5;0;0
73;"szőlő";17.4;0;0;0;0;0;0;0
73;"kert";31.3;24.3;20.9;17.4;12.9;0;0;0
73;"gyümölcsös";31.3;24.3;20.9;17.4;12.9;0;0;0
73;"legelő";19.1;14.8;7.6;4.2;2.1;1.4;0;0
73;"nádas";0;0;0;0;0;0;0;0
73;"fásított terület";5.2;3.8;2.8;1.7;1;0;0;0
74;"szántó";26.1;21.7;17.4;12.2;8.3;4.2;2.4;0
74;"rét";31.3;24.3;19.1;15.6;12.5;8.7;6.3;3.8
74;"szőlő";27.8;20.9;13.9;0;0;0;0;0
74;"kert";31.3;22.6;15.6;10.4;7;0;0;0
74;"gyümölcsös";31.3;22.6;15.6;10.4;0;0;0;0
74;"legelő";7.6;4.2;2.1;1;0;0;0;0
74;"nádas";0;0;0;0;0;0;0;0
74;"fásított terület";5.2;3.8;2.8;1.7;1;0;0;0
75;"szántó";38.2;33;26.1;17.4;12.2;7;3.5;1.7
75;"rét";30.4;24.3;19.1;13.9;8.7;4.2;0;0
75;"szőlő";83.4;69.5;52.1;34.8;19.1;15.6;0;0
75;"kert";93.8;69.5;53.9;36.5;31.3;15.6;7;0
75;"gyümölcsös";93.8;69.5;53.9;36.5;31.3;15.6;0;0
75;"legelő";32.1;27.8;15.6;9.4;6.3;2.4;0.7;0
75;"nádas";45.2;31.3;11.8;0;0;0;0;0
75;"fásított terület";12.2;10.4;8.7;7.6;5.2;2.4;1.6;0.1
76;"szántó";36.5;33.9;25.2;23.5;20;11.8;9.7;3.1
76;"rét";41.7;31.3;26.9;25.2;16.5;13.9;10.8;3.1
76;"szőlő";90.4;67.8;46.9;36.5;17.4;0;0;0
76;"kert";48.7;46.9;45.2;24.3;12.2;0;0;0
76;"gyümölcsös";48.7;46.9;45.2;24.3;0;0;0;0
76;"legelő";13.9;9;7.6;4.9;3.3;2.8;1.4;0
76;"nádas";18.2;7;0;0;0;0;0;0
76;"fásított terület";10.4;8.7;8;7.3;5.6;4.2;2.8;0
77;"szántó";36.5;32.1;24.3;22.6;19.1;10.8;8.3;3.5
77;"rét";55.6;40;31.3;26.9;24.3;16.5;12.2;3.5
77;"szőlő";93.8;71.2;57.3;52.1;45.2;33;17.4;0
77;"kert";53.9;52.1;48.7;45.2;40;38.2;33.9;10.8
77;"gyümölcsös";53.9;52.1;48.7;45.2;40;38.2;33.9;24.3
77;"legelő";20.9;12.5;11.5;10.1;8;2.8;1.9;1.4
77;"nádas";18.2;7;0;0;0;0;0;0
77;"fásított terület";10.4;8.7;7.3;5.6;4.2;2.4;1.6;0
78;"szántó";30.4;17.4;8.3;3.5;0;0;0;0
78;"rét";36.5;29.5;25.2;12.2;3.1;0;0;0
78;"szőlő";93.8;71.2;57.3;52.1;33;17.4;0;0
78;"kert";50.4;34.8;29.5;17.4;8.3;0;0;0
78;"gyümölcsös";50.4;34.8;29.5;0;0;0;0;0
78;"legelő";7;3;1.4;0;0;0;0;0
78;"nádas";40;20;0;0;0;0;0;0
78;"fásított terület";10.4;8.7;7.3;5.6;4.2;2.4;0;0
79;"szántó";25.2;21.7;17.4;13.9;10.4;7;3.5;2.4
79;"rét";23.5;17.4;13.9;10.4;7;5.2;3.5;2.4
79;"szőlő";31.3;20.9;11.1;0;0;0;0;0
79;"kert";26.1;22.6;17.4;10.4;7;0;0;0
79;"gyümölcsös";26.1;22.6;17.4;10.4;7;0;0;0
79;"legelő";12.5;8.7;7;5.2;3.5;1.7;0;0
79;"nádas";12.9;0;0;0;0;0;0;0
79;"fásított terület";6.3;5.2;4.2;3;1.7;0.7;0;0
80;"szántó";40;33;24.3;20;13.2;9.4;5.9;2.8
80;"rét";34.8;29.5;23.5;20;17.4;14.8;9.7;6.3
80;"szőlő";40;33.9;29.5;25.2;20.9;16.5;12.5;8
80;"kert";43.4;33.9;28.7;21.7;15.6;9;0;0
80;"gyümölcsös";43.4;33.9;28.7;21.7;15.6;0;0;0
80;"legelő";18.2;11.5;7;3.8;2.4;0;0;0
80;"nádas";45.2;34.8;26.1;19.1;10.4;0;0;0
80;"fásított terület";9;8;6.6;5.6;4.9;3.8;3.1;1.4
81;"szántó";29.5;22.6;15.6;13.2;10.4;6.6;3.1;1.4
81;"rét";30.4;21.7;13.9;8.3;4.5;0;0;0
81;"szőlő";60.8;45.2;34.8;26.1;10.4;4.5;0;0
81;"kert";29.5;16.5;12.2;7;0;0;0;0
81;"gyümölcsös";29.5;16.5;12.2;0;0;0;0;0
81;"legelő";13.2;9.4;4.9;2.1;1.4;0.7;0;0
81;"nádas";36.5;20.9;3.5;0.5;0;0;0;0
81;"fásított terület";13.2;9.4;5.9;2.8;1.6;0.1;0;0
82;"szántó";31.3;22.6;16.5;14.8;10.4;5.2;2.4;1.4
82;"rét";24.3;20.9;12.2;5.2;1.2;0;0;0
82;"szőlő";24.3;13.9;3.5;0;0;0;0;0
82;"kert";41.7;34.8;20.9;10.4;3.1;0;0;0
82;"gyümölcsös";41.7;34.8;20.9;3.1;0;0;0;0
82;"legelő";13.2;7.6;2.4;1;0;0;0;0
82;"nádas";27.8;10.4;1.2;0;0;0;0;0
82;"fásított terület";11.5;8.7;5.2;3.3;1.6;0;0;0
83;"szántó";21.7;14.8;12.9;6.3;2.6;1.2;0;0
83;"rét";20.9;17.4;10.4;5.2;1.2;0;0;0
83;"szőlő";24.3;13.9;3.5;0;0;0;0;0
83;"kert";25.2;15.6;8.7;3.1;0;0;0;0
83;"gyümölcsös";25.2;3.1;0;0;0;0;0;0
83;"legelő";10.4;2.4;1;0;0;0;0;0
83;"nádas";27.8;10.4;1.2;0;0;0;0;0
83;"fásított terület";11.5;8.7;5.9;3.3;1.6;0;0;0
84;"szántó";43.4;33.9;24.3;19.1;13.2;9.4;7.3;5.2
84;"rét";59.1;52.1;40;30.4;20;12.5;9;3.5
84;"szőlő";52.1;34.8;29.5;26.1;13.9;0;0;0
84;"kert";78.2;59.1;55.6;52.1;33.9;23.5;18.2;0
84;"gyümölcsös";78.2;59.1;55.6;52.1;33.9;23.5;18.2;0
84;"legelő";11.1;9.4;7.6;3.3;2.8;0;0;0
84;"nádas";0;0;0;0;0;0;0;0
84;"fásított terület";9.7;8.3;6.6;4.9;3.5;2.3;1.2;0.6
85;"szántó";24.3;18.2;15.6;12.5;9.4;6.3;4.2;3.1
85;"rét";30.4;26.1;21.7;14.8;9;7;3.5;2.6
85;"szőlő";33;29.5;20;13.2;0;0;0;0
85;"kert";32.1;30.4;22.6;18.2;15.6;0;0;0
85;"gyümölcsös";32.1;30.4;22.6;18.2;15.6;0;0;0
85;"legelő";5.6;4.2;3.1;2.6;2.4;2.1;0;0
85;"nádas";0;0;0;0;0;0;0;0
85;"fásított terület";8.7;7.3;5.6;4.5;3.1;2.1;1;0.6
86;"szántó";41.7;34.8;24.3;20.9;17.4;12.5;8;3.5
86;"rét";62.6;55.6;46.9;36.5;30.4;21.7;15.6;5.9
86;"szőlő";90.4;66;46.9;34.8;26.1;15.6;0;0
86;"kert";85.1;67.8;55.6;50.4;38.2;29.5;20.9;0
86;"gyümölcsös";85.1;67.8;55.6;50.4;38.2;29.5;0;0
86;"legelő";16.5;13.9;9.4;7;5.2;3;1.9;0.7
86;"nádas";0;0;0;0;0;0;0;0
86;"fásított terület";10.8;8.3;7;5.9;4.2;2.8;1;0.5
87;"szántó";38.2;31.3;24.3;19.1;13.2;8;3.5;0
87;"rét";38.2;27.8;20;12.5;6.3;4.2;1.6;0
87;"szőlő";53.9;46.9;31.3;26.1;19.1;13.9;0;0
87;"kert";48.7;45.2;31.3;17.4;8;0;0;0
87;"gyümölcsös";48.7;45.2;31.3;17.4;0;0;0;0
87;"legelő";17.4;11.1;8;5.2;2.1;1;0;0
87;"nádas";46.9;41.7;23.5;4.9;0;0;0;0
87;"fásított terület";11.8;8.3;6.6;4.9;3.8;2.4;1.6;0.1
88;"szántó";34.8;26.1;18.2;13.9;11.1;7;4.9;2.3
88;"rét";32.1;26.1;19.1;14.8;8.7;3.5;3.1;0
88;"szőlő";46.9;38.2;31.3;27.8;22.6;20;15.6;0
88;"kert";45.2;38.2;26.1;16.5;7;0;0;0
88;"gyümölcsös";45.2;38.2;26.1;16.5;0;0;0;0
88;"legelő";17.4;13.2;9.7;8;5.9;3;1;0
88;"nádas";36.5;20.9;17.4;13.9;9.4;0.9;0;0
88;"fásított terület";11.8;8.3;6.6;4.9;3.8;2.4;1.6;0.1
89;"szántó";31.3;24.3;17.4;12.5;8.7;5.6;3.1;1.6
89;"rét";25.2;17.4;12.5;8.3;6.3;4.9;3.1;2.1
89;"szőlő";46.9;38.2;31.3;27.8;22.6;0;0;0
89;"kert";31.3;24.3;21.7;17.4;14.8;0;0;0
89;"gyümölcsös";31.3;24.3;21.7;17.4;14.8;0;0;0
89;"legelő";13.2;7.6;3.8;1.4;0.7;0;0;0
89;"nádas";36.5;20.9;13.9;0.9;0;0;0;0
89;"fásított terület";11.8;8.3;6.6;4.9;3.8;2.4;1.6;0.1
90;"szántó";41.7;33;26.9;20;13.2;7.6;7;3.5
90;"rét";43.4;32.1;26.9;25.2;20;9.4;2.1;0
90;"szőlő";76.5;57.3;46.9;36.5;31.3;15.6;0;0
90;"kert";40;38.2;34.8;33;25.2;22.6;13.2;0
90;"gyümölcsös";40;38.2;34.8;33;25.2;22.6;0;0
90;"legelő";13.9;12.5;9;5.2;3.5;2.8;2.4;1.4
90;"nádas";11.8;0;0;0;0;0;0;0
90;"fásított terület";10.4;8.7;7.3;5.6;4.2;3.1;2.1;0
91;"szántó";23.5;19.1;16.5;12.5;10.1;7;3.5;3
91;"rét";34.8;32.1;23.5;18.2;16.5;10.8;9.4;3.3
91;"szőlő";69.5;57.3;46.9;41.7;33.9;30.4;24.3;12.5
91;"kert";33.9;28.7;26.9;24.3;23.5;10.4;0;0
91;"gyümölcsös";33.9;28.7;26.9;24.3;23.5;0;0;0
91;"legelő";13.2;9.4;7.6;4.5;3.3;2.8;2.4;1
91;"nádas";0;0;0;0;0;0;0;0
91;"fásított terület";7.3;4.9;3.8;3.1;2.3;1.6;0.9;0.4
92;"szántó";46.9;43.4;33.9;24.3;18.2;12.2;7;2.4
92;"rét";28.7;20;8.7;6.3;0.9;0;0;0
92;"szőlő";45.2;33;20.9;11.5;0;0;0;0
92;"kert";52.1;43.4;29.5;20.9;0;0;0;0
92;"gyümölcsös";52.1;43.4;29.5;20.9;0;0;0;0
92;"legelő";20.9;13.6;8.7;3.5;1;0;0;0
92;"nádas";31.3;10.4;0;0;0;0;0;0
92;"fásított terület";8.3;5.9;3.3;0;0;0;0;0
93;"szántó";40;33;27.8;20.9;15.6;10.4;7;2.8
93;"rét";48.7;41.7;31.3;25.2;19.1;14.8;10.4;3.5
93;"szőlő";73;55.6;46.9;38.2;31.3;27.8;20;11.8
93;"kert";48.7;38.2;23.5;13.2;8;0;0;0
93;"gyümölcsös";48.7;38.2;23.5;13.2;0;0;0;0
93;"legelő";22.6;15.6;10.8;8.3;4.2;1.2;0;0
93;"nádas";21.7;6.6;0;0;0;0;0;0
93;"fásított terület";10.1;7.3;5.9;5.2;3.8;2.8;1.7;0.9
94;"szántó";36.5;31.3;25.2;17.4;12.5;8;4.9;2.4
94;"rét";41.7;34.8;29.5;24.3;19.1;14.8;8.3;3
94;"szőlő";62.6;45.2;38.2;26.9;17.4;12.2;8;0
94;"kert";43.4;34.8;22.6;12.2;8;0;0;0
94;"gyümölcsös";43.4;34.8;22.6;12.2;0;0;0;0
94;"legelő";16.5;13.2;10.1;7.6;4.2;2.3;0.9;0
94;"nádas";6.6;0;0;0;0;0;0;0
94;"fásított terület";8.3;6.6;5.6;4.2;2.8;2.3;1.4;0.3
95;"szántó";43.4;33;27.8;20;14.8;10.4;5.6;3.1
95;"rét";29.5;24.3;17.4;11.5;7;3.5;0.7;0
95;"szőlő";53.9;28.7;7.3;0;0;0;0;0
95;"kert";52.1;34.8;17.4;7.6;0;0;0;0
95;"gyümölcsös";52.1;34.8;17.4;0;0;0;0;0
95;"legelő";20;13.2;8.3;3.8;2.1;0.7;0;0
95;"nádas";28.7;6.6;0;0;0;0;0;0
95;"fásított terület";12.9;11.1;10.1;7.6;6.6;4.2;3.1;1
96;"szántó";46.9;31.3;25.2;19.1;12.5;7.6;3.5;1.7
96;"rét";50.4;43.4;33.9;26.1;19.1;14.8;9;4.2
96;"szőlő";38.2;29.5;19.1;8;0;0;0;0
96;"kert";41.7;33;24.3;17.4;9;0;0;0
96;"gyümölcsös";41.7;33;24.3;17.4;0;0;0;0
96;"legelő";14.8;9;5.2;2.1;0.7;0;0;0
96;"nádas";0;0;0;0;0;0;0;0
96;"fásított terület";3.1;2.1;1.6;0;0;0;0;0
97;"szántó";31.3;24.3;18.2;13.2;9;5.6;3.5;1.7
97;"rét";38.2;29.5;22.6;17.4;12.5;7.6;3;0
97;"szőlő";66;43.4;36.5;29.5;24.3;18.2;11.1;6.6
97;"kert";40;27.8;18.2;10.4;4.9;0;0;0
97;"gyümölcsös";40;27.8;18.2;10.4;4.9;0;0;0
97;"legelő";11.8;7;4.2;3;2.1;0.9;0;0
97;"nádas";20.9;13.2;0;0;0;0;0;0
97;"fásított terület";3.1;2.6;2.1;1.6;1;0.6;0;0
98;"szántó";27.8;24.3;20.9;15.6;12.2;9;5.6;3.1
98;"rét";22.6;19.1;13.9;9.7;5.6;2.8;0;0
98;"szőlő";24.3;0;0;0;0;0;0;0
98;"kert";38.2;31.3;27.8;24.3;20.9;12.9;0;0
98;"gyümölcsös";38.2;31.3;27.8;24.3;20.9;0;0;0
98;"legelő";11.1;9;6.3;1;0;0;0;0
98;"nádas";8.7;0;0;0;0;0;0;0
98;"fásított terület";8.7;5.9;4.2;2.4;0;0;0;0
99;"szántó";26.1;22.6;19.1;13.9;11.1;8;4.2;1.4
99;"rét";24.3;18.2;12.2;9;4.2;2.1;0;0
99;"szőlő";24.3;15.6;0;0;0;0;0;0
99;"kert";31.3;24.3;13.9;8;0;0;0;0
99;"gyümölcsös";31.3;24.3;13.9;0;0;0;0;0
99;"legelő";10.8;4.2;1;0;0;0;0;0
99;"nádas";8;0;0;0;0;0;0;0
99;"fásított terület";5.2;3.5;2.1;1.7;0;0;0;0
100;"szántó";38.2;32.1;27.8;24.3;20.9;16.5;10.4;5.2
100;"rét";41.7;33;26.1;20.9;15.6;10.4;4.5;0
100;"szőlő";52.1;34.8;20.9;0;0;0;0;0
100;"kert";41.7;34.8;27.8;20.9;17.4;10.4;0;0
100;"gyümölcsös";41.7;34.8;27.8;20.9;17.4;0;0;0
100;"legelő";21.7;20;11.1;6.3;0;0;0;0
100;"nádas";41.7;17.4;0;0;0;0;0;0
100;"fásított terület";3.1;0;0;0;0;0;0;0
101;"szántó";34.8;31.3;26.9;20.9;15.6;11.1;7;4.2
101;"rét";38.2;31.3;24.3;15.6;7;4.5;0;0
101;"szőlő";20.9;0;0;0;0;0;0;0
101;"kert";34.8;27.8;20.9;11.1;0;0;0;0
101;"gyümölcsös";34.8;27.8;0;0;0;0;0;0
101;"legelő";20;18.2;9.4;8.3;3.5;0;0;0
101;"nádas";41.7;17.4;0;0;0;0;0;0
101;"fásított terület";3.1;0;0;0;0;0;0;0
102;"szántó";34.8;30.4;26.1;20.9;17.4;12.2;7;3.5
102;"rét";40;31.3;26.1;20.9;15.6;12.2;8.7;4.5
102;"szőlő";62.6;48.7;31.3;20.9;13.9;0;0;0
102;"kert";34.8;27.8;24.3;20.9;17.4;13.9;10.4;0
102;"gyümölcsös";34.8;27.8;24.3;20.9;17.4;13.9;10.4;0
102;"legelő";17.4;8.7;7.6;2.8;1.4;0;0;0
102;"nádas";41.7;0;0;0;0;0;0;0
102;"fásított terület";7.3;5.6;3.8;3.1;2.4;1.6;1.2;0
103;"szántó";23.5;17.4;10.1;7.3;4.2;0;0;0
103;"rét";26.1;20.9;16.5;6.6;3.5;0;0;0
103;"szőlő";27.8;0;0;0;0;0;0;0
103;"kert";27.8;20.9;12.2;7;0;0;0;0
103;"gyümölcsös";27.8;20.9;0;0;0;0;0;0
103;"legelő";7.3;5.2;2.8;1.7;0;0;0;0
103;"nádas";41.7;17.4;0;0;0;0;0;0
103;"fásított terület";3.8;0;0;0;0;0;0;0
104;"szántó";36.5;33;24.3;17.4;12.5;8;3.5;1.7
104;"rét";28.7;17.4;10.4;7;3.5;0;0;0
104;"szőlő";53.9;45.2;34.8;20;13.2;0;0;0
104;"kert";43.4;40;29.5;0;0;0;0;0
104;"gyümölcsös";43.4;40;29.5;0;0;0;0;0
104;"legelő";13.9;8.7;4.2;2.1;0.7;0;0;0
104;"nádas";55.6;34.8;11.8;0;0;0;0;0
104;"fásított terület";11.5;10.8;8;4.9;2.4;0.2;0;0
105;"szántó";40;34.8;24.3;15.6;10.4;4.2;2.8;1.7
105;"rét";32.1;26.9;20.9;10.4;7;3.5;0;0
105;"szőlő";53.9;45.2;34.8;20;13.2;0;0;0
105;"kert";48.7;41.7;29.5;19.1;12.5;7;0;0
105;"gyümölcsös";48.7;41.7;29.5;19.1;0;0;0;0
105;"legelő";17.4;8.7;6.3;4.2;2.1;0;0;0
105;"nádas";59.1;52.1;13.9;0;0;0;0;0
105;"fásított terület";11.5;10.8;8;4.9;2.4;0.2;0;0
106;"szántó";40;31.3;24.3;19.1;14.8;10.4;7;4.2
106;"rét";40;31.3;24.3;19.1;13.9;10.8;7.6;4.5
106;"szőlő";52.1;45.2;38.2;34.8;29.5;24.3;19.1;13.9
106;"kert";62.6;41.7;38.2;34.8;31.3;24.3;20.9;17.4
106;"gyümölcsös";62.6;41.7;38.2;34.8;31.3;24.3;20.9;17.4
106;"legelő";20.9;19.1;11.1;8.7;6.3;4.9;3.1;1.7
106;"nádas";41.7;13.9;0;0;0;0;0;0
106;"fásított terület";5.9;5.2;3.8;2.6;1.4;0;0;0
107;"szántó";48.7;46.9;38.2;33;23.5;15.6;7.6;3.1
107;"rét";53.9;46.9;38.2;27.8;20;9.7;5.6;3.1
107;"szőlő";125.1;76.5;59.1;48.7;38.2;28.7;18.2;8
107;"kert";69.5;62.6;46.9;33.9;28.7;15.6;0;0
107;"gyümölcsös";69.5;62.6;46.9;33.9;28.7;0;0;0
107;"legelő";22.6;17.4;10.4;7.3;5.2;3.5;2.6;0
107;"nádas";21.7;14.8;3.8;0;0;0;0;0
107;"fásított terület";9.4;6.6;5.6;3.1;0;0;0;0
108;"szántó";32.1;25.2;18.2;13.9;8.3;4.9;3.1;1.7
108;"rét";40;32.1;23.5;20;13.9;10.4;5.6;0
108;"szőlő";86.9;76.5;69.5;53.9;36.5;26.1;16.5;0
108;"kert";43.4;36.5;31.3;25.2;15.6;9;0;0
108;"gyümölcsös";43.4;36.5;31.3;25.2;15.6;0;0;0
108;"legelő";11.8;9.7;5.2;3.8;3;2.1;0.9;0
108;"nádas";21.7;0;0;0;0;0;0;0
108;"fásított terület";5.2;4.5;3.8;2.6;1.2;0;0;0
109;"szántó";40;34.8;27.8;19.1;15.6;8.7;5.2;2.4
109;"rét";52.1;45.2;36.5;31.3;26.1;15.6;10.4;5.2
109;"szőlő";69.5;59.1;45.2;38.2;26.1;20;0;0
109;"kert";52.1;36.5;33;19.1;8.7;0;0;0
109;"gyümölcsös";52.1;36.5;33;19.1;0;0;0;0
109;"legelő";18.2;15.6;9.7;7;3.5;2.8;1.4;0.7
109;"nádas";57.3;41.7;13.9;0;0;0;0;0
109;"fásított terület";11.5;7.3;5.2;2.8;2.4;2.1;1.6;0
110;"szántó";53.9;34.8;27.8;17.4;12.2;7;3.5;1.7
110;"rét";46.9;40;31.3;24.3;20.9;9.7;4.2;0
110;"szőlő";69.5;59.1;48.7;40;33;18.2;13.2;0
110;"kert";69.5;41.7;36.5;22.6;15.6;7;0;0
110;"gyümölcsös";69.5;41.7;36.5;22.6;15.6;0;0;0
110;"legelő";14.8;12.5;9;7;2.8;2.1;1.4;0.7
110;"nádas";62.6;20.9;0;0;0;0;0;0
110;"fásított terület";11.5;7.3;5.2;2.8;2.4;2.1;1.6;0
111;"szántó";38.2;33;24.3;20;15.6;9.7;6.6;3.5
111;"rét";36.5;31.3;26.1;17.4;10.4;0;0;0
111;"szőlő";146;133.8;104.3;86.9;69.5;43.4;36.5;26.1
111;"kert";62.6;46.9;31.3;14.8;7;0;0;0
111;"gyümölcsös";62.6;46.9;31.3;14.8;0;0;0;0
111;"legelő";15.6;12.2;7;2.8;1.4;0.7;0;0
111;"nádas";34.8;27.8;12.2;0;0;0;0;0
111;"fásított terület";9.7;7;5.6;3.8;2.1;1.6;0.2;0
112;"szántó";59.1;48.7;38.2;23.5;16.5;12.5;7.6;3.1
112;"rét";67.8;55.6;34.8;20.9;11.5;10.4;0;0
112;"szőlő";118.2;97.3;74.7;60.8;53.9;40;32.1;0
112;"kert";59.1;40;29.5;19.1;8;0;0;0
112;"gyümölcsös";59.1;40;29.5;0;0;0;0;0
112;"legelő";29.5;13.9;6.3;3.1;0;0;0;0
112;"nádas";19.1;12.2;5.2;0;0;0;0;0
112;"fásított terület";10.8;9.4;8;6.3;4.5;0;0;0
113;"szántó";45.2;38.2;27.8;22.6;13.2;11.1;7;5.9
113;"rét";69.5;46.9;20.9;6.6;2.8;0;0;0
113;"szőlő";81.7;66;57.3;41.7;33;0;0;0
113;"kert";62.6;53.9;40;27.8;9.4;0;0;0
113;"gyümölcsös";62.6;53.9;40;0;0;0;0;0
113;"legelő";23.5;17.4;8.7;5.6;2.8;1.9;0;0
113;"nádas";19.1;12.2;5.2;0;0;0;0;0
113;"fásított terület";10.8;9.4;7.6;4.5;0;0;0;0
114;"szántó";46.9;38.2;33.9;24.3;20;13.9;6.3;3.1
114;"rét";66;43.4;32.1;26.9;25.2;22.6;14.8;3.3
114;"szőlő";90.4;71.2;62.6;52.1;41.7;33.9;17.4;14.8
114;"kert";55.6;53.9;46.9;34.8;32.1;29.5;20;8.3
114;"gyümölcsös";55.6;53.9;46.9;34.8;32.1;29.5;20;8.3
114;"legelő";13.2;9.4;8;2.8;1.4;0;0;0
114;"nádas";11.8;0;0;0;0;0;0;0
114;"fásított terület";11.5;10.1;8.3;7;5.2;4.5;3.8;2.6
115;"szántó";27.8;20.9;14.8;12.2;9.4;6.3;2.6;1
115;"rét";22.6;15.6;9.4;3.5;1;0;0;0
115;"szőlő";24.3;13.9;3.5;0;0;0;0;0
115;"kert";25.2;17.4;7.3;0;0;0;0;0
115;"gyümölcsös";25.2;17.4;0;0;0;0;0;0
115;"legelő";12.5;5.2;2.4;1;0;0;0;0
115;"nádas";27.8;10.4;1.2;0;0;0;0;0
115;"fásított terület";10.4;9.4;8;6.3;3.5;1.6;0;0
116;"szántó";26.1;20.9;15.6;12.2;10.4;8;4.2;1.4
116;"rét";22.6;20;15.6;13.9;10.4;7.6;3.5;2.1
116;"szőlő";25.2;15.6;0;0;0;0;0;0
116;"kert";27.8;24.3;13.9;8;0;0;0;0
116;"gyümölcsös";27.8;24.3;13.9;0;0;0;0;0
116;"legelő";11.1;7.6;4.2;2.4;1;0;0;0
116;"nádas";8.7;0;0;0;0;0;0;0
116;"fásított terület";7;3.8;3.1;2.4;1.7;0;0;0
117;"szántó";38.2;32.1;24.3;17.4;12.9;8.7;5.2;2.4
117;"rét";28.7;22.6;17.4;11.5;7.3;5.9;3.5;1
117;"szőlő";36.5;28.7;20.9;17.4;9.7;6.3;0;0
117;"kert";45.2;38.2;29.5;20.9;0;0;0;0
117;"gyümölcsös";45.2;38.2;29.5;20.9;0;0;0;0
117;"legelő";17.4;8.7;3.8;1.2;0;0;0;0
117;"nádas";27.8;15.6;4.2;0;0;0;0;0
117;"fásított terület";12.2;9;5.6;3;0;0;0;0
118;"szántó";53.9;45.2;36.5;27.8;19.1;13.9;9.4;4.2
118;"rét";31.3;20.9;14.8;10.4;5.9;1;0;0
118;"szőlő";55.6;41.7;27.8;13.9;0;0;0;0
118;"kert";79.9;69.5;45.2;34.8;16.5;0;0;0
118;"gyümölcsös";79.9;69.5;45.2;34.8;16.5;0;0;0
118;"legelő";26.1;22.6;14.8;7;3.5;1.2;0;0
118;"nádas";31.3;10.4;0;0;0;0;0;0
118;"fásított terület";11.5;8.7;7;4.9;3.8;2.8;0;0
119;"szántó";33;28.7;24.3;17.4;12.2;8.7;5.6;2.6
119;"rét";34.8;31.3;20.9;17.4;8.7;4.2;1.4;0
119;"szőlő";69.5;62.6;52.1;41.7;27.8;20;13.9;5.2
119;"kert";81.7;62.6;45.2;40;34.8;32.1;0;0
119;"gyümölcsös";81.7;62.6;45.2;40;34.8;32.1;0;0
119;"legelő";18.2;8.7;3.8;1.2;0;0;0;0
119;"nádas";36.5;17.4;0;0;0;0;0;0
119;"fásított terület";14.8;10.4;8;6.6;0;0;0;0
120;"szántó";43.4;33;27.8;20;14.8;10.4;5.6;3.1
120;"rét";29.5;24.3;17.4;13.2;9.4;0;0;0
120;"szőlő";83.4;62.6;48.7;26.9;19.1;0;0;0
120;"kert";55.6;45.2;28.7;17.4;8.7;0;0;0
120;"gyümölcsös";55.6;45.2;28.7;17.4;0;0;0;0
120;"legelő";20;13.2;5.9;3.5;1.7;0;0;0
120;"nádas";20;11.5;0;0;0;0;0;0
120;"fásított terület";11.5;8.7;5.6;3.5;2.1;0;0;0
121;"szántó";33.9;28.7;22.6;17.4;12.9;7;2.6;1.2
121;"rét";30.4;21.7;15.6;8.7;3.5;1;0;0
121;"szőlő";36.5;24.3;13.9;3.5;0;0;0;0
121;"kert";41.7;21.7;10.4;0;0;0;0;0
121;"gyümölcsös";41.7;21.7;10.4;0;0;0;0;0
121;"legelő";19.1;10.4;4.2;2.6;1;0;0;0
121;"nádas";27.8;13.9;1.2;0;0;0;0;0
121;"fásított terület";11.8;9;7.6;6.3;5.2;3.5;1.7;0
122;"szántó";32.1;28.7;24.3;17.4;10.8;7.6;6.3;2.6
122;"rét";23.5;20;9.7;2.4;1.2;0;0;0
122;"szőlő";36.5;24.3;3.5;0;0;0;0;0
122;"kert";33.9;21.7;11.1;0;0;0;0;0
122;"gyümölcsös";33.9;21.7;0;0;0;0;0;0
122;"legelő";18.2;8.3;5.2;2.1;1.2;0;0;0
122;"nádas";15.6;0;0;0;0;0;0;0
122;"fásított terület";11.8;9;7.6;6.3;5.2;0;0;0
123;"szántó";45.2;40;36.5;28.7;20.9;11.5;7;3
123;"rét";59.1;53.9;43.4;26.9;24.3;12.2;8.3;0
123;"szőlő";59.1;53.9;30.4;17.4;0;0;0;0
123;"kert";74.7;55.6;45.2;17.4;11.5;0;0;0
123;"gyümölcsös";74.7;55.6;45.2;0;0;0;0;0
123;"legelő";19.1;17.4;13.2;8.7;3.8;0;0;0
123;"nádas";13.9;0;0;0;0;0;0;0
123;"fásított terület";9.4;7.6;6.3;4.9;3.5;2.4;0;0
124;"szántó";36.5;33.9;24.3;17.4;9.7;8;4.5;3.1
124;"rét";50.4;31.3;26.1;13.9;3.3;0;0;0
124;"szőlő";43.4;33;13.9;0;0;0;0;0
124;"kert";48.7;40;24.3;17.4;8;0;0;0
124;"gyümölcsös";48.7;40;24.3;0;0;0;0;0
124;"legelő";17.4;12.5;8.3;5.2;3;0;0;0
124;"nádas";0;0;0;0;0;0;0;0
124;"fásított terület";7.6;6.3;4.9;2.3;0;0;0;0
125;"szántó";33.9;27.8;25.2;19.1;16.5;12.5;6.6;2.6
125;"rét";52.1;46.9;40;25.2;21.7;15.6;4.9;0
125;"szőlő";57.3;43.4;33.9;24.3;16.5;10.4;0;0
125;"kert";55.6;45.2;40;33.9;19.1;9.4;0;0
125;"gyümölcsös";55.6;45.2;40;33.9;9.4;0;0;0
125;"legelő";12.5;9.7;4.5;1.7;0;0;0;0
125;"nádas";13.9;0;0;0;0;0;0;0
125;"fásított terület";7.6;6.3;4.9;3.5;2.3;0.9;0.4;0
126;"szántó";43.4;34.8;26.1;17.4;13.9;9;5.6;2.8
126;"rét";64.3;52.1;40;31.3;24.3;17.4;11.8;6.3
126;"szőlő";111.2;85.1;69.5;60.8;48.7;32.1;27.8;15.6
126;"kert";74.7;57.3;46.9;36.5;28.7;22.6;13.9;0
126;"gyümölcsös";74.7;57.3;46.9;36.5;28.7;22.6;13.9;0
126;"legelő";22.6;14.8;10.4;8.3;6.6;4.5;2.4;1
126;"nádas";3.8;0;0;0;0;0;0;0
126;"fásított terület";8;6.3;4.5;3.5;1.7;1;0.3;0
127;"szántó";26.1;19.1;13.9;8.7;4.2;2.4;0;0
127;"rét";52.1;40;31.3;23.5;16.5;0;0;0
127;"szőlő";111.2;79.9;55.6;38.2;25.2;13.9;0;0
127;"kert";34.8;24.3;12.2;7;0;0;0;0
127;"gyümölcsös";34.8;24.3;12.2;0;0;0;0;0
127;"legelő";7.6;7;3.5;2.8;0.9;0;0;0
127;"nádas";0;0;0;0;0;0;0;0
127;"fásított terület";7.6;6.3;4.2;2.1;1.6;0;0;0
128;"szántó";24.3;20.9;15.6;11.1;8.7;5.2;2.8;1.4
128;"rét";24.3;20.9;13.9;7;3.5;2.1;0;0
128;"szőlő";20.9;14.8;4.2;0;0;0;0;0
128;"kert";26.1;19.1;13.9;7;3.5;2.1;0;0
128;"gyümölcsös";26.1;19.1;13.9;7;3.5;2.1;0;0
128;"legelő";4.9;2.8;0.3;0;0;0;0;0
128;"nádas";17.4;7;0;0;0;0;0;0
128;"fásított terület";4.9;3.3;2.4;1.9;0.9;0.5;0.1;0
129;"szántó";30.4;24.3;17.4;11.1;9;4.2;2.1;0
129;"rét";27.8;24.3;15.6;7;3.5;2.1;0;0
129;"szőlő";20.9;14.8;4.2;0;0;0;0;0
129;"kert";29.5;20.9;13.9;7;3.5;2.1;0;0
129;"gyümölcsös";29.5;20.9;13.9;7;3.5;2.1;0;0
129;"legelő";7.6;2.8;0.3;0;0;0;0;0
129;"nádas";0;0;0;0;0;0;0;0
129;"fásított terület";5.6;4.5;3.3;2.3;1.4;0.9;0.1;0
130;"szántó";32.1;24.3;20;13.9;9.4;7;3.1;2.1
130;"rét";33.9;29.5;21.7;15.6;13.2;7.6;4.5;1.4
130;"szőlő";29.5;20;16.5;10.1;4.2;0;0;0
130;"kert";40;32.1;27.8;20.9;17.4;12.2;7;0
130;"gyümölcsös";40;32.1;27.8;20.9;17.4;0;0;0
130;"legelő";8;4.5;1.6;0.7;0.3;0;0;0
130;"nádas";0;0;0;0;0;0;0;0
130;"fásított terület";4.9;4.2;3.5;2.4;1.9;1;0.7;0
131;"szántó";36.5;30.4;23.5;17.4;13.2;10.4;7;3.1
131;"rét";43.4;36.5;30.4;25.2;15.6;7.3;3.5;0
131;"szőlő";43.4;23.5;14.8;9.4;4.5;0;0;0
131;"kert";45.2;31.3;15.6;4.9;0;0;0;0
131;"gyümölcsös";45.2;31.3;15.6;4.9;0;0;0;0
131;"legelő";17.4;6.3;2.8;1.7;0;0;0;0
131;"nádas";27.8;0;0;0;0;0;0;0
131;"fásított terület";5.9;5.2;4.5;3.5;3;2.4;1.7;0
132;"szántó";29.5;21.7;18.2;13.9;10.4;6.6;3.5;1.2
132;"rét";40;33;27.8;24.3;19.1;12.2;5.9;3
132;"szőlő";20.9;14.8;7.3;6.6;0;0;0;0
132;"kert";48.7;36.5;33.9;28.7;22.6;16.5;9.7;6.6
132;"gyümölcsös";48.7;36.5;33.9;28.7;22.6;16.5;9.7;6.6
132;"legelő";10.8;7.6;5.2;4.2;3.1;2.4;1.6;0
132;"nádas";0;0;0;0;0;0;0;0
132;"fásított terület";5.9;4.9;4.2;3.1;2.8;2.4;1;0.3
133;"szántó";36.5;29.5;25.2;20;15.6;12.2;7;4.2
133;"rét";41.7;33;27.8;24.3;20.9;17.4;13.9;0
133;"szőlő";59.1;48.7;34.8;22.6;15.6;0;0;0
133;"kert";38.2;34.8;31.3;27.8;20.9;10.4;0;0
133;"gyümölcsös";38.2;34.8;31.3;27.8;20.9;10.4;0;0
133;"legelő";20.9;17.4;7;5.2;4.2;2.8;1.7;0
133;"nádas";0;0;0;0;0;0;0;0
133;"fásított terület";5.2;4.5;3.5;2.4;1.7;1.2;0.4;0
134;"szántó";29.5;24.3;19.1;13.9;10.4;7;3.5;2.1
134;"rét";34.8;29.5;26.1;22.6;19.1;15.6;11.1;7.6
134;"szőlő";36.5;24.3;15.6;10.4;0;0;0;0
134;"kert";34.8;27.8;20.9;13.9;7;0;0;0
134;"gyümölcsös";34.8;27.8;20.9;13.9;0;0;0;0
134;"legelő";5.2;2.8;1.4;0;0;0;0;0
134;"nádas";0;0;0;0;0;0;0;0
134;"fásított terület";4.5;3.5;2.4;1.7;1.2;0.4;0;0
135;"szántó";46.9;40;31.3;23.5;20;13.2;8;3.5
135;"rét";57.3;50.4;33.9;29.5;21.7;20;15.6;3.3
135;"szőlő";34.8;17.4;0;0;0;0;0;0
135;"kert";57.3;43.4;31.3;27.8;17.4;0;0;0
135;"gyümölcsös";57.3;43.4;31.3;27.8;0;0;0;0
135;"legelő";19.1;13.9;8.7;6.6;4.2;3.3;1.7;0
135;"nádas";45.2;24.3;0;0;0;0;0;0
135;"fásított terület";13.6;10.1;8.3;7;5.2;3.8;2.4;1.4
136;"szántó";40;33.9;29.5;23.5;18.2;10.8;6.3;3.1
136;"rét";46.9;34.8;26.9;26.1;25.2;16.5;12.2;3.3
136;"szőlő";97.3;73;48.7;34.8;20.9;15.6;12.5;0
136;"kert";53.9;43.4;40;34.8;31.3;29.5;25.2;22.6
136;"gyümölcsös";53.9;43.4;40;34.8;31.3;29.5;25.2;22.6
136;"legelő";16.5;12.5;8;5.6;3.3;2.8;1.7;0
136;"nádas";0;0;0;0;0;0;0;0
136;"fásított terület";10.1;7;5.2;3.8;2.4;1.4;0.7;0
137;"szántó";41.7;34.8;27.8;20.9;14.8;9.7;7.3;4.2
137;"rét";43.4;36.5;25.2;20;13.9;10.4;5.2;0
137;"szőlő";69.5;60.8;41.7;31.3;24.3;19.1;0;0
137;"kert";43.4;36.5;20.9;13.2;8;0;0;0
137;"gyümölcsös";43.4;36.5;20.9;0;0;0;0;0
137;"legelő";15.6;12.2;7;5.2;2.8;0;0;0
137;"nádas";55.6;41.7;17.4;0;0;0;0;0
137;"fásított terület";15.6;12.5;9;5.6;2.6;0.2;0;0
138;"szántó";26.1;21.7;17.4;13.9;10.4;7;3.5;1.7
138;"rét";31.3;26.1;20;16.5;11.8;7.6;3.5;0
138;"szőlő";69.5;48.7;27.8;17.4;12.2;8.7;0;0
138;"kert";38.2;26.1;19.1;14.8;10.4;7;0;0
138;"gyümölcsös";38.2;26.1;19.1;14.8;10.4;0;0;0
138;"legelő";14.8;11.1;6.3;5.2;3.5;1;0;0
138;"nádas";3.1;0;0;0;0;0;0;0
138;"fásított terület";5.9;4.9;4.2;3.3;2.4;1.7;1;0.3
139;"szántó";29.5;23.5;19.1;14.8;10.8;7;4.2;2.8
139;"rét";27.8;24.3;20.9;17.4;13.9;10.8;7.6;5.2
139;"szőlő";27.8;17.4;13.9;10.4;0;0;0;0
139;"kert";31.3;26.1;20.9;17.4;13.9;10.4;7;0
139;"gyümölcsös";31.3;26.1;20.9;17.4;13.9;10.4;0;0
139;"legelő";12.2;9.7;7;5.2;3.5;2.8;1.7;0
139;"nádas";0;0;0;0;0;0;0;0
139;"fásított terület";5.6;4.5;3.5;2.4;1.7;0.9;0;0
140;"szántó";34.8;29.5;23.5;19.1;13.9;9.7;5.6;2.8
140;"rét";40;33;28.7;21.7;15.6;9.7;4.5;3
140;"szőlő";81.7;66;52.1;30.4;20.9;13.9;9.4;0
140;"kert";45.2;38.2;20.9;13.9;0;0;0;0
140;"gyümölcsös";45.2;38.2;20.9;0;0;0;0;0
140;"legelő";20;15.6;9.7;3.5;1.7;1;0;0
140;"nádas";0;0;0;0;0;0;0;0
140;"fásított terület";7.6;4.9;3.5;2.4;1.7;1.2;0;0
141;"szántó";36.5;28.7;21.7;15.6;12.5;9;5.2;1.7
141;"rét";38.2;32.1;27.8;20.9;14.8;9.4;4.9;3
141;"szőlő";52.1;41.7;26.1;20.9;15.6;8.3;0;0
141;"kert";43.4;38.2;32.1;26.1;20.9;14.8;0;0
141;"gyümölcsös";43.4;38.2;32.1;26.1;20.9;14.8;0;0
141;"legelő";19.1;14.8;11.8;10.4;9;7;3.8;1
141;"nádas";2.8;1;0;0;0;0;0;0
141;"fásított terület";7.6;4.9;3.5;2.4;1.7;1.2;0;0
142;"szántó";31.3;22.6;18.2;14.8;10.4;7;3.1;0
142;"rét";33.9;27.8;22.6;16.5;8.7;4.2;0;0
142;"szőlő";69.5;59.1;46.9;31.3;23.5;20;12.5;8.3
142;"kert";36.5;27.8;20.9;13.2;0;0;0;0
142;"gyümölcsös";36.5;27.8;20.9;13.2;0;0;0;0
142;"legelő";10.4;7.6;5.2;3.5;1.7;0;0;0
142;"nádas";0;0;0;0;0;0;0;0
142;"fásított terület";7.6;5.9;4.2;3.1;0;0;0;0
143;"szántó";62.6;55.6;48.7;36.5;29.5;25.2;17.4;6.6
143;"rét";66;55.6;46.9;33.9;30.4;20.9;10.8;3
143;"szőlő";152.9;133.8;119.9;86.9;73;50.4;31.3;13.9
143;"kert";111.2;74.7;57.3;46.9;40;31.3;20;9.4
143;"gyümölcsös";111.2;74.7;57.3;46.9;40;31.3;20;9.4
143;"legelő";24.3;11.8;8.3;3.8;2.6;0;0;0
143;"nádas";19.1;12.2;5.2;0;0;0;0;0
143;"fásított terület";12.5;11.1;10.1;8.7;7.6;5.9;5.2;2.1
145;"szántó";38.2;31.3;23.5;16.5;10.4;6.3;3.5;1.7
145;"rét";36.5;26.1;20;13.2;8.7;5.6;3.5;2.1
145;"szőlő";78.2;59.1;41.7;31.3;22.6;19.1;10.4;4.5
145;"kert";45.2;40;33;29.5;24.3;20.9;13.2;0
145;"gyümölcsös";45.2;40;33;29.5;24.3;20.9;13.2;0
145;"legelő";14.8;11.5;7.6;6.3;3.5;2.1;1;0.7
145;"nádas";62.6;48.7;31.3;24.3;13.2;4.9;0.9;0
145;"fásított terület";11.5;10.4;7.3;6.6;3.8;2.1;1.6;0.2
146;"szántó";31.3;28.7;22.6;19.1;13.9;5.2;4.5;0
146;"rét";53.9;40;28.7;25.2;18.2;16.5;3;0
146;"szőlő";83.4;69.5;59.1;43.4;28.7;17.4;15.6;10.4
146;"kert";46.9;40;36.5;34.8;33.9;27.8;13.9;0
146;"gyümölcsös";46.9;40;36.5;34.8;33.9;27.8;0;0
146;"legelő";16.5;9.4;8;4.9;4.2;3.5;3.3;2.6
146;"nádas";53.9;0;0;0;0;0;0;0
146;"fásított terület";9.7;8;6.6;5.2;0;0;0;0
147;"szántó";26.9;23.5;18.2;16.5;13.2;9.4;6.3;3.3
147;"rét";32.1;29.5;24.3;20;15.6;12.5;9;2.6
147;"szőlő";57.3;33;29.5;12.5;0;0;0;0
147;"kert";34.8;31.3;28.7;26.9;22.6;20.9;14.8;7.3
147;"gyümölcsös";34.8;31.3;28.7;26.9;22.6;20.9;14.8;0
147;"legelő";17.4;12.2;9.7;9.4;5.2;3.3;3.1;0
147;"nádas";11.8;0;0;0;0;0;0;0
147;"fásított terület";9.7;8;6.6;5.2;0;0;0;0
148;"szántó";24.3;20.9;17.4;14.8;12.2;9.4;7;4.9
148;"rét";31.3;26.9;20.9;16.5;14.8;12.2;3.8;2.6
148;"szőlő";69.5;55.6;45.2;29.5;24.3;12.5;0;0
148;"kert";55.6;36.5;32.1;31.3;30.4;24.3;21.7;15.6
148;"gyümölcsös";55.6;36.5;32.1;31.3;30.4;24.3;21.7;15.6
148;"legelő";9;7;4.2;3.3;3;2.6;1.6;0.7
148;"nádas";0;0;0;0;0;0;0;0
148;"fásított terület";9.7;8;6.6;5.2;3.5;2.4;0;0
149;"szántó";43.4;34.8;30.4;25.2;18.2;11.5;7;2.4
149;"rét";33;21.7;12.2;3.5;0.9;0;0;0
149;"szőlő";55.6;45.2;34.8;24.3;13.9;0;0;0
149;"kert";55.6;45.2;30.4;13.9;8.3;0;0;0
149;"gyümölcsös";55.6;45.2;30.4;13.9;8.3;0;0;0
149;"legelő";27.8;20.9;13.9;7;3.5;1;0.3;0
149;"nádas";43.4;27.8;13.9;3.5;0;0;0;0
149;"fásított terület";9.7;8.3;5.9;3.3;1.7;0.3;0;0
150;"szántó";45.2;41.7;33.9;22.6;17.4;12.2;5.6;2.6
150;"rét";32.1;25.2;15.6;8.7;4.2;1.6;0;0
150;"szőlő";43.4;25.2;7;0;0;0;0;0
150;"kert";50.4;26.1;0;0;0;0;0;0
150;"gyümölcsös";50.4;26.1;0;0;0;0;0;0
150;"legelő";28.7;15.6;8.7;5.2;1.6;0;0;0
150;"nádas";41.7;10.4;0;0;0;0;0;0
150;"fásított terület";19.1;7;0;0;0;0;0;0
151;"szántó";46.9;36.5;26.9;18.2;12.2;8;4.2;2.4
151;"rét";33.9;23.5;15.6;8.7;5.2;0.9;0;0
151;"szőlő";62.6;52.1;41.7;29.5;14.8;6.6;0;0
151;"kert";60.8;46.9;21.7;14.8;0;0;0;0
151;"gyümölcsös";60.8;46.9;21.7;14.8;0;0;0;0
151;"legelő";25.2;13.6;7.6;3.1;0.9;0.3;0;0
151;"nádas";55.6;31.3;10.4;0;0;0;0;0
151;"fásított terület";9.7;6.6;2.6;0.3;0;0;0;0
152;"szántó";41.7;32.1;26.1;17.4;12.2;8;4.2;2.4
152;"rét";32.1;21.7;15.6;8.7;5.2;0.9;0;0
152;"szőlő";48.7;38.2;27.8;13.2;6.6;0;0;0
152;"kert";48.7;34.8;13.9;0;0;0;0;0
152;"gyümölcsös";48.7;34.8;13.9;0;0;0;0;0
152;"legelő";20.9;13.2;8.3;7;3.1;0.9;0.3;0
152;"nádas";43.4;27.8;13.9;0;0;0;0;0
152;"fásított terület";9.7;5.9;2.8;0.3;0;0;0;0
153;"szántó";45.2;38.2;31.3;22.6;15.6;11.5;7.6;3.1
153;"rét";41.7;34.8;28.7;20.9;13.9;8.3;0;0
153;"szőlő";85.1;66;48.7;31.3;22.6;13.9;0;0
153;"kert";53.9;46.9;33;26.1;0;0;0;0
153;"gyümölcsös";53.9;46.9;33;26.1;0;0;0;0
153;"legelő";13.2;10.1;8.3;5.9;3.3;2.4;0;0
153;"nádas";10.4;0;0;0;0;0;0;0
153;"fásított terület";3.5;1.9;0.7;0;0;0;0;0
154;"szántó";40;32.1;27.8;23.5;17.4;11.8;8;3.8
154;"rét";41.7;34.8;30.4;25.2;18.2;13.9;9.7;3.5
154;"szőlő";139;128.6;104.3;79.9;55.6;46.9;22.6;13.2
154;"kert";52.1;41.7;33;26.1;17.4;0;0;0
154;"gyümölcsös";52.1;41.7;33;26.1;17.4;0;0;0
154;"legelő";22.6;17.4;13.2;9;6.6;3.3;2.4;0.9
154;"nádas";46.9;31.3;20.9;10.4;0;0;0;0
154;"fásított terület";8;6.3;4.5;2.4;0;0;0;0
155;"szántó";41.7;31.3;25.2;20.9;13.9;10.4;4.9;2.4
155;"rét";40;30.4;24.3;19.1;11.8;8;3.5;0
155;"szőlő";100.8;73;52.1;40;30.4;26.1;16.5;11.8
155;"kert";50.4;36.5;29.5;24.3;17.4;10.4;0;0
155;"gyümölcsös";50.4;36.5;29.5;24.3;17.4;10.4;0;0
155;"legelő";11.1;9;7.6;3.8;3;1;0;0
155;"nádas";10.4;0;0;0;0;0;0;0
155;"fásított terület";5.6;3.3;1.7;0.7;0;0;0;0
156;"szántó";50.4;45.2;41.7;34.8;27.8;18.2;11.5;7
156;"rét";50.4;43.4;38.2;34.8;26.1;17.4;9.7;0
156;"szőlő";125.1;97.3;78.2;46.9;36.5;31.3;22.6;16.5
156;"kert";45.2;36.5;20.9;13.2;0;0;0;0
156;"gyümölcsös";45.2;36.5;20.9;13.2;0;0;0;0
156;"legelő";13.2;9.7;5.2;1.7;0.7;0;0;0
156;"nádas";55.6;36.5;17.4;2.4;0;0;0;0
156;"fásított terület";10.1;8.3;6.6;4.9;4.2;2.4;1.6;0.2
157;"szántó";40;36.5;27.8;19.1;13.9;10.4;7;3.1
157;"rét";41.7;36.5;22.6;17.4;9.4;0;0;0
157;"szőlő";109.5;79.9;62.6;34.8;22.6;17.4;13.9;6.3
157;"kert";57.3;34.8;19.1;7;0;0;0;0
157;"gyümölcsös";57.3;34.8;19.1;0;0;0;0;0
157;"legelő";2.8;2.4;1.7;0.7;0;0;0;0
157;"nádas";36.5;24.3;17.4;2.4;0;0;0;0
157;"fásított terület";10.1;8.3;6.6;4.9;4.2;2.4;1.6;0.2
158;"szántó";36.5;31.3;24.3;18.2;13.9;9.4;6.3;3.1
158;"rét";57.3;46.9;36.5;26.9;21.7;10.8;3.5;2.6
158;"szőlő";60.8;41.7;0;0;0;0;0;0
158;"kert";53.9;45.2;36.5;31.3;0;0;0;0
158;"gyümölcsös";53.9;45.2;36.5;31.3;0;0;0;0
158;"legelő";8.7;3.3;0;0;0;0;0;0
158;"nádas";0;0;0;0;0;0;0;0
158;"fásított terület";7.6;5.9;3.8;3.1;2.1;1.7;1.4;0.7
159;"szántó";40;32.1;26.1;20;13.9;9.4;6.3;3.1
159;"rét";60.8;50.4;40;26.9;21.7;10.8;3.5;2.6
159;"szőlő";41.7;33.9;0;0;0;0;0;0
159;"kert";53.9;38.2;31.3;24.3;0;0;0;0
159;"gyümölcsös";53.9;38.2;31.3;24.3;0;0;0;0
159;"legelő";9.4;3.5;2.1;0;0;0;0;0
159;"nádas";0;0;0;0;0;0;0;0
159;"fásított terület";10.8;9;5.9;4.5;3.1;2.1;1.4;0.7
160;"szántó";30.4;22.6;15.6;12.5;9.4;6.3;4.5;3.1
160;"rét";55.6;46.9;38.2;25.2;19.1;8.3;2.6;0
160;"szőlő";52.1;41.7;33;22.6;0;0;0;0
160;"kert";48.7;40;33;23.5;0;0;0;0
160;"gyümölcsös";48.7;40;33;23.5;0;0;0;0
160;"legelő";7.3;3.8;2.8;0;0;0;0;0
160;"nádas";0;0;0;0;0;0;0;0
160;"fásított terület";7.6;5.9;4.5;3.1;2.3;1.7;1.4;0.7
161;"szántó";38.2;31.3;26.1;19.1;13.9;9;5.6;3.1
161;"rét";46.9;38.2;29.5;25.2;19.1;13.2;9.4;5.6
161;"szőlő";69.5;52.1;40;28.7;19.1;10.8;0;0
161;"kert";53.9;46.9;38.2;31.3;24.3;12.2;0;0
161;"gyümölcsös";53.9;46.9;38.2;31.3;24.3;0;0;0
161;"legelő";18.2;13.9;10.4;8;6.6;5.2;2.8;1.4
161;"nádas";20.9;13.2;0;0;0;0;0;0
161;"fásított terület";3.8;2.6;1.9;1.2;0.9;0;0;0
162;"szántó";24.3;19.1;13.9;9.7;5.6;3.8;2.6;1.7
162;"rét";33.9;30.4;22.6;17.4;11.1;7;4.5;0
162;"szőlő";66;48.7;38.2;27.8;11.1;0;0;0
162;"kert";40;30.4;20;14.8;7;0;0;0
162;"gyümölcsös";40;30.4;20;14.8;0;0;0;0
162;"legelő";7.3;1.9;0.7;0;0;0;0;0
162;"nádas";0;0;0;0;0;0;0;0
162;"fásított terület";3.8;1.9;0.9;0;0;0;0;0
163;"szántó";28.7;24.3;18.2;13.9;10.4;7;3.5;1
163;"rét";26.1;22.6;19.1;15.6;12.2;8;4.2;1
163;"szőlő";62.6;52.1;40;24.3;14.8;7;0;0
163;"kert";45.2;40;34.8;27.8;21.7;7.3;0;0
163;"gyümölcsös";45.2;40;34.8;27.8;21.7;0;0;0
163;"legelő";15.6;8.7;3.8;1;0;0;0;0
163;"nádas";26.9;17.4;3.5;0;0;0;0;0
163;"fásított terület";13.9;10.4;7;2.4;0;0;0;0
164;"szántó";46.9;41.7;34.8;27.8;21.7;16.5;10.4;5.2
164;"rét";52.1;46.9;41.7;36.5;26.1;17.4;10.4;5.6
164;"szőlő";90.4;76.5;62.6;52.1;41.7;34.8;22.6;0
164;"kert";86.9;69.5;52.1;40;31.3;24.3;17.4;10.8
164;"gyümölcsös";86.9;69.5;52.1;40;31.3;24.3;17.4;0
164;"legelő";15.6;12.2;8.3;5.6;4.2;2.8;1.4;0.7
164;"nádas";69.5;41.7;17.4;0;0;0;0;0
164;"fásított terület";9.7;6.3;4.5;3.3;1.6;0;0;0
165;"szántó";36.5;29.5;23.5;17.4;12.5;8.3;4.5;2.1
165;"rét";48.7;43.4;33;27.8;23.5;19.1;9;3.8
165;"szőlő";62.6;50.4;38.2;31.3;22.6;20;11.5;0
165;"kert";50.4;41.7;36.5;27.8;15.6;8.7;0;0
165;"gyümölcsös";50.4;41.7;36.5;27.8;15.6;0;0;0
165;"legelő";18.2;13.9;11.1;9;5.6;3.5;2.4;1
165;"nádas";0;5.9;0;0;0;0;0;0
165;"fásított terület";6.6;5.2;3.8;2.8;1.9;0.9;0.3;0.2
166;"szántó";34.8;27.8;19.1;16.5;12.5;8.3;4.9;2.4
166;"rét";41.7;34.8;30.4;26.1;21.7;17.4;9.7;4.2
166;"szőlő";19.1;12.2;0;0;0;0;0;0
166;"kert";46.9;36.5;31.3;20.9;0;0;0;0
166;"gyümölcsös";46.9;36.5;31.3;20.9;0;0;0;0
166;"legelő";15.6;11.8;9;6.3;3.5;2.6;1.7;1
166;"nádas";21.7;14.8;0;0;0;0;0;0
166;"fásított terület";6.6;3.8;2.8;1.9;1.2;0.9;0.3;0
167;"szántó";34.8;27.8;23.5;20;14.8;11.1;7;4.2
167;"rét";34.8;27.8;20.9;13.9;8.3;6.3;0;0
167;"szőlő";41.7;34.8;29.5;20.9;17.4;13.9;0;0
167;"kert";34.8;27.8;20.9;13.9;7;0;0;0
167;"gyümölcsös";34.8;27.8;20.9;13.9;0;0;0;0
167;"legelő";15.6;6.3;3.5;1;0;0;0;0
167;"nádas";0;0;0;0;0;0;0;0
167;"fásított terület";5.2;4.5;3.8;2.8;1.9;1;0;0
168;"szántó";11.1;5.2;2.4;0;0;0;0;0
168;"rét";20;5.2;3.1;0;0;0;0;0
168;"szőlő";48.7;34.8;24.3;13.9;0;0;0;0
168;"kert";13.9;7;0;0;0;0;0;0
168;"gyümölcsös";13.9;0;0;0;0;0;0;0
168;"legelő";1.7;0;0;0;0;0;0;0
168;"nádas";0;0;0;0;0;0;0;0
168;"fásított terület";2.8;1.9;1;0;0;0;0;0
169;"szántó";40;31.3;26.1;21.7;17.4;13.9;10.8;5.9
169;"rét";38.2;34.8;32.1;26.9;21.7;16.5;9.7;4.9
169;"szőlő";88.6;59.1;33;20.9;12.2;0;0;0
169;"kert";46.9;34.8;26.1;13.9;0;0;0;0
169;"gyümölcsös";46.9;34.8;26.1;0;0;0;0;0
169;"legelő";24.3;13.9;7.6;4.9;3;1.4;0;0
169;"nádas";13.2;0;0;0;0;0;0;0
169;"fásított terület";10.4;8.7;7;5.2;3.5;0;0;0
170;"szántó";34.8;26.9;22.6;18.2;15.6;12.5;7.3;3.5
170;"rét";33.9;30.4;26.1;21.7;18.2;14.8;8.7;4.9
170;"szőlő";85.1;57.3;36.5;26.1;20;12.2;0;0
170;"kert";40;25.2;18.2;12.5;7;0;0;0
170;"gyümölcsös";40;25.2;18.2;12.5;7;0;0;0
170;"legelő";12.5;6.3;1;0;0;0;0;0
170;"nádas";13.2;7;2.4;0;0;0;0;0
170;"fásított terület";9.7;7;5.2;3.8;2.4;1.6;0.3;0
171;"szántó";30.4;26.1;21.7;18.2;15.6;11.8;5.9;2.4
171;"rét";33;27.8;23.5;17.4;13.9;11.1;4.9;0
171;"szőlő";86.9;59.1;36.5;28.7;19.1;10.4;0;0
171;"kert";33.9;27.8;18.2;11.5;6.3;0;0;0
171;"gyümölcsös";33.9;27.8;18.2;11.5;6.3;0;0;0
171;"legelő";10.1;4.9;1.9;0.6;0;0;0;0
171;"nádas";0;0;0;0;0;0;0;0
171;"fásított terület";6.3;5.2;3.5;2.4;1.2;0.3;0;0
172;"szántó";40;34.8;25.2;20.9;15.6;10.4;4.5;2.8
172;"rét";33;27.8;17.4;8.7;4.9;0;0;0
172;"szőlő";40;20.9;0;0;0;0;0;0
172;"kert";52.1;45.2;30.4;16.5;0;0;0;0
172;"gyümölcsös";52.1;45.2;30.4;0;0;0;0;0
172;"legelő";14.8;7.6;3.8;1.7;0;0;0;0
172;"nádas";55.6;34.8;11.8;0;0;0;0;0
172;"fásított terület";14.8;11.8;10.4;7;0;0;0;0
173;"szántó";33.9;26.1;17.4;10.4;4.2;1.7;0;0
173;"rét";26.9;12.2;4.9;0;0;0;0;0
173;"szőlő";52.1;34.8;19.1;0;0;0;0;0
173;"kert";43.4;33.9;10.4;0;0;0;0;0
173;"gyümölcsös";43.4;33.9;0;0;0;0;0;0
173;"legelő";15.6;10.8;6.3;2.1;0.7;0;0;0
173;"nádas";12.5;0;0;0;0;0;0;0
173;"fásított terület";14.8;11.8;10.4;7;0;0;0;0
174;"szántó";55.6;46.9;34.8;26.1;19.1;14.8;10.8;4.9
174;"rét";66;55.6;45.2;31.3;20.9;13.9;10.4;3.3
174;"szőlő";43.4;30.4;0;0;0;0;0;0
174;"kert";66;55.6;50.4;48.7;34.8;24.3;0;0
174;"gyümölcsös";66;55.6;50.4;48.7;0;0;0;0
174;"legelő";21.7;20;9.7;9.4;3.5;2.6;0;0
174;"nádas";0;0;0;0;0;0;0;0
174;"fásított terület";10.8;8.7;7.3;6.3;4.5;3.1;0.9;0.5
175;"szántó";40;32.1;21.7;16.5;12.2;7.6;4.5;3.3
175;"rét";33.9;14.8;13.2;6.3;4.5;3;2.6;0
175;"szőlő";22.6;0;0;0;0;0;0;0
175;"kert";43.4;40;0;0;0;0;0;0
175;"gyümölcsös";43.4;40;0;0;0;0;0;0
175;"legelő";8.7;7.3;2.4;0;0;0;0;0
175;"nádas";0;0;0;0;0;0;0;0
175;"fásított terület";8.7;7.6;6.3;4.5;3.1;2.1;1;0.5
176;"szántó";40;34.8;24.3;21.7;17.4;12.5;8.3;4.2
176;"rét";62.6;52.1;41.7;31.3;20.9;11.1;6.3;2.8
176;"szőlő";66;46.9;23.5;0;0;0;0;0
176;"kert";50.4;46.9;43.4;40;38.2;36.5;24.3;0
176;"gyümölcsös";50.4;46.9;43.4;40;38.2;36.5;0;0
176;"legelő";11.1;10.1;3.3;2.4;0;0;0;0
176;"nádas";0;0;0;0;0;0;0;0
176;"fásított terület";9.4;8.7;7.3;6.3;4.5;3.8;3.1;1
177;"szántó";52.1;45.2;36.5;26.9;19.1;11.8;7;3.1
177;"rét";50.4;43.4;33.9;28.7;24.3;19.1;12.5;4.2
177;"szőlő";69.5;55.6;41.7;27.8;20.9;12.5;8.7;0
177;"kert";57.3;50.4;45.2;31.3;24.3;13.9;0;0
177;"gyümölcsös";57.3;50.4;45.2;31.3;24.3;13.9;0;0
177;"legelő";22.6;16.5;12.5;9.4;7;3.3;2.1;1.2
177;"nádas";20.9;13.2;0;0;0;0;0;0
177;"fásított terület";9.4;7.6;5.9;4.5;3.5;1.4;0;0
178;"szántó";25.2;20;18.2;14.8;13.2;8.7;4.5;3.3
178;"rét";33.9;29.5;26.9;18.2;12.5;9;8.3;3
178;"szőlő";113;78.2;60.8;52.1;41.7;24.3;12.5;0
178;"kert";33.9;32.1;30.4;26.9;8;7.3;5.6;0
178;"gyümölcsös";33.9;32.1;30.4;26.9;8;7.3;5.6;0
178;"legelő";9;8.7;8;2.8;2.6;1.4;1.2;0
178;"nádas";38.2;26.1;0;0;0;0;0;0
178;"fásított terület";7.6;5.9;4.5;3.1;2.3;1.6;0.7;0
179;"szántó";26.1;21.7;17.4;13.9;10.8;5.2;3.3;2.8
179;"rét";32.1;24.3;20;17.4;13.9;12.5;5.6;4.2
179;"szőlő";76.5;73;52.1;41.7;27.8;22.6;17.4;9
179;"kert";43.4;34.8;32.1;31.3;29.5;7.3;5.2;0
179;"gyümölcsös";43.4;34.8;32.1;31.3;29.5;7.3;5.2;0
179;"legelő";4.9;3.1;1.4;0;0;0;0;0
179;"nádas";0;0;0;0;0;0;0;0
179;"fásított terület";9;7.6;5.9;4.5;3.1;2.3;1.6;0.7
180;"szántó";25.2;22.6;19.1;12.2;8.7;7.3;5.6;3
180;"rét";33.9;30.4;21.7;19.1;16.5;15.6;7.3;4.5
180;"szőlő";92.1;81.7;69.5;52.1;45.2;34.8;26.9;13.2
180;"kert";45.2;43.4;38.2;34.8;31.3;27.8;26.1;9
180;"gyümölcsös";45.2;43.4;38.2;34.8;31.3;27.8;26.1;9
180;"legelő";3.3;2.1;1.2;0;0;0;0;0
180;"nádas";38.2;26.1;0;0;0;0;0;0
180;"fásított terület";7.6;4.2;3.1;2.3;1.6;0.3;0;0
181;"szántó";27.8;20.9;17.4;13.2;10.1;8.7;4.5;3.3
181;"rét";30.4;28.7;26.1;14.8;13.9;12.5;8.3;8
181;"szőlő";85.1;78.2;60.8;48.7;29.5;16.5;0;0
181;"kert";53.9;50.4;38.2;34.8;32.1;30.4;9.4;4.9
181;"gyümölcsös";53.9;50.4;38.2;34.8;32.1;30.4;9.4;4.9
181;"legelő";4.9;3.1;1.4;1.2;1;0;0;0
181;"nádas";38.2;26.1;0;0;0;0;0;0
181;"fásított terület";7.6;5.9;4.5;3.1;2.1;0.7;0;0
182;"szántó";40;31.3;23.5;18.2;12.5;8.7;4.5;2.3
182;"rét";38.2;29.5;21.7;13.9;9;5.6;0;0
182;"szőlő";86.9;66;48.7;27.8;9.7;0;0;0
182;"kert";46.9;29.5;17.4;11.5;7;0;0;0
182;"gyümölcsös";46.9;29.5;17.4;11.5;0;0;0;0
182;"legelő";13.6;10.4;6.3;3.8;2.6;1;0;0
182;"nádas";40;28.7;0;0;0;0;0;0
182;"fásított terület";8;7;5.6;4.5;3.5;1;0;0
183;"szántó";32.1;24.3;20;15.6;11.1;8.3;4.2;2.1
183;"rét";26.9;20.9;10.4;2.1;0;0;0;0
183;"szőlő";34.8;29.5;22.6;0;0;0;0;0
183;"kert";41.7;27.8;22.6;0;0;0;0;0
183;"gyümölcsös";41.7;27.8;22.6;0;0;0;0;0
183;"legelő";14.8;12.2;5.2;1;0;0;0;0
183;"nádas";36.5;20.9;0;0;0;0;0;0
183;"fásított terület";12.5;9.7;9;6.3;5.6;3.5;0;0
184;"szántó";26.1;22.6;19.1;13.9;10.4;7;3.5;2.4
184;"rét";29.5;26.1;22.6;17.4;10.4;5.2;3.5;2.4
184;"szőlő";73;59.1;48.7;41.7;34.8;24.3;17.4;13.2
184;"kert";29.5;26.1;20.9;15.6;10.4;7;0;0
184;"gyümölcsös";29.5;26.1;20.9;15.6;10.4;0;0;0
184;"legelő";17.4;13.9;10.4;7.3;5.9;4.5;3.5;1.7
184;"nádas";2.1;0;0;0;0;0;0;0
184;"fásított terület";5.9;4.2;2.4;1.7;1;0.3;0;0
185;"szántó";29.5;26.1;22.6;19.1;13.9;10.4;7;3.5
185;"rét";30.4;26.1;22.6;17.4;12.2;9;5.2;3
185;"szőlő";73;59.1;48.7;41.7;34.8;24.3;17.4;13.2
185;"kert";33;27.8;20.9;15.6;10.4;7;0;0
185;"gyümölcsös";33;27.8;20.9;15.6;10.4;0;0;0
185;"legelő";17.4;13.9;10.4;7.3;5.9;4.5;3.5;1.7
185;"nádas";5.2;2.1;0;0;0;0;0;0
185;"fásított terület";5.9;4.2;2.4;1.7;0.3;0;0;0
186;"szántó";36.5;29.5;24.3;19.1;14.8;11.1;7.6;4.2
186;"rét";30.4;26.1;22.6;19.1;15.6;12.2;7;3.8
186;"szőlő";52.1;41.7;34.8;27.8;20.9;13.9;0;0
186;"kert";34.8;31.3;24.3;19.1;13.9;7;0;0
186;"gyümölcsös";34.8;31.3;24.3;19.1;13.9;0;0;0
186;"legelő";18.2;14.8;11.1;7.3;5.6;4.2;2.8;1.7
186;"nádas";13.2;10.4;8.7;6.3;0;0;0;0
186;"fásított terület";5.9;5.2;4.2;3.3;2.4;1.7;0;0
187;"szántó";33.9;24.3;19.1;13.9;10.4;7;3.5;2.1
187;"rét";33;25.2;19.1;14.8;11.1;8.3;4.2;2.8
187;"szőlő";31.3;20.9;16.5;13.9;10.4;5.6;0;0
187;"kert";31.3;25.2;18.2;12.5;8.3;4.2;0;0
187;"gyümölcsös";31.3;25.2;18.2;12.5;8.3;4.2;0;0
187;"legelő";10.4;8.7;4.2;2.3;1.4;0.9;0.3;0
187;"nádas";0;0;0;0;0;0;0;0
187;"fásított terület";5.2;3.8;3.1;1.6;0.9;0.3;0;0
188;"szántó";33.9;24.3;19.1;13.9;10.4;7;3.5;2.1
188;"rét";33;25.2;19.1;14.8;11.1;8.3;4.2;2.8
188;"szőlő";38.2;5.6;0;0;0;0;0;0
188;"kert";31.3;25.2;18.2;12.5;8.3;4.2;0;0
188;"gyümölcsös";31.3;25.2;18.2;12.5;8.3;4.2;0;0
188;"legelő";10.4;8.7;4.2;2.3;1.4;0.9;0.3;0
188;"nádas";0;0;0;0;0;0;0;0
188;"fásított terület";5.2;3.8;3.1;1.6;0.9;0.3;0;0
189;"szántó";32.1;22.6;17.4;12.2;8.7;5.2;2.8;1.7
189;"rét";31.3;24.3;17.4;13.9;9.4;4.2;2.8;0
189;"szőlő";41.7;27.8;20.9;16.5;13.9;10.4;5.6;0
189;"kert";29.5;22.6;15.6;10.4;6.3;3.5;0;0
189;"gyümölcsös";29.5;22.6;15.6;10.4;6.3;3.5;0;0
189;"legelő";4.2;2.3;1.4;0.9;0.3;0;0;0
189;"nádas";0;0;0;0;0;0;0;0
189;"fásított terület";5.2;3.8;3.1;1.6;0.9;0.3;0;0
190;"szántó";46.9;38.2;28.7;20.9;13.9;9.4;4.2;0
190;"rét";29.5;19.1;9.7;5.6;0.9;0;0;0
190;"szőlő";55.6;41.7;27.8;13.9;0;0;0;0
190;"kert";46.9;34.8;15.6;0;0;0;0;0
190;"gyümölcsös";46.9;34.8;15.6;0;0;0;0;0
190;"legelő";23.5;15.6;9.4;3.8;1;0;0;0
190;"nádas";55.6;18.2;0;0;0;0;0;0
190;"fásított terület";9.7;6.6;2.6;0;0;0;0;0
191;"szántó";29.5;22.6;19.1;12.9;9;5.2;2.6;1.7
191;"rét";31.3;20.9;13.9;8.7;4.2;0;0;0
191;"szőlő";45.2;31.3;15.6;12.2;0;0;0;0
191;"kert";38.2;27.8;20;13.9;10.4;0;0;0
191;"gyümölcsös";38.2;27.8;20;13.9;10.4;0;0;0
191;"legelő";13.9;10.4;7;4.2;2.8;1.7;0;0
191;"nádas";0;0;0;0;0;0;0;0
191;"fásított terület";4.5;3.8;2.8;2.1;1.4;0.7;0;0
192;"szántó";43.4;36.5;31.3;24.3;18.2;14.8;9.4;4.5
192;"rét";52.15;45.2;25.2;20;13.2;0;0;0
192;"szőlő";0;0;0;0;0;9;3.5;0
192;"kert";5.6;48.7;43.4;36.5;32.1;0;0;0
192;"gyümölcsös";55.6;48.7;43.4;36.5;32.1;0;0;0
192;"legelő";20.9;9;2.8;2.1;1.6;0;0;0
192;"nádas";0;0;0;0;0;0;0;0
192;"fásított terület";10.1;8.3;7;5.2;3.8;2.4;1.4;0
193;"szántó";43.4;34.8;31.3;24.3;21.7;13.9;9.4;4.5
193;"rét";32.1;26.1;21.7;16.5;13.2;9;7;3.1
193;"szőlő";62.6;41.7;29.5;22.6;0;0;0;0
193;"kert";53.9;36.5;29.5;0;0;0;0;0
193;"gyümölcsös";53.9;36.5;29.5;0;0;0;0;0
193;"legelő";16.5;8.7;5.6;3.8;3.1;2.8;2.1;0
193;"nádas";0;0;0;0;0;0;0;0
193;"fásított terület";13.2;10.1;8.3;7;5.2;3.8;2.4;1.4
194;"szántó";36.5;31.3;26.1;19.1;13.9;9.4;6.3;3.3
194;"rét";43.4;33.9;28.7;16.5;13.2;9;8.3;3.5
194;"szőlő";57.3;41.7;33;29.5;22.6;16.5;14.8;0
194;"kert";36.5;33.9;27.8;20;12.2;0;0;0
194;"gyümölcsös";36.5;33.9;27.8;20;0;0;0;0
194;"legelő";20.9;8.7;3.8;2.1;1.6;0;0;0
194;"nádas";0;0;0;0;0;0;0;0
194;"fásított terület";10.1;7;5.6;3.8;2.6;1.7;1.4;0.9
195;"szántó";41.7;36.5;31.3;24.3;20;15.6;12.5;5.2
195;"rét";50.4;41.7;33;25.2;21.7;13.9;8.7;0
195;"szőlő";125.1;104.3;71.2;41.7;0;0;0;0
195;"kert";45.2;30.4;20.9;13.2;8;0;0;0
195;"gyümölcsös";45.2;30.4;20.9;13.2;0;0;0;0
195;"legelő";15.6;12.2;8.7;5.2;2.8;0;0;0
195;"nádas";33;24.3;8.7;0;0;0;0;0
195;"fásított terület";11.1;9;7;3.5;1.4;0.2;0;0
196;"szántó";38.2;34.8;27.8;21.7;17.4;11.1;8.3;4.2
196;"rét";52.1;41.7;33;17.4;7.6;0;0;0
196;"szőlő";97.3;62.6;31.3;13.9;0;0;0;0
196;"kert";43.4;26.9;20.9;13.9;7;0;0;0
196;"gyümölcsös";43.4;26.9;20.9;0;0;0;0;0
196;"legelő";13.9;11.1;8.7;5.2;2.8;0;0;0
196;"nádas";55.6;34.8;17.4;0;0;0;0;0
196;"fásított terület";11.1;9;7;3.5;1.4;0.2;0;0
197;"szántó";34.8;27.8;20.9;14.8;9.7;6.6;3.1;1.6
197;"rét";43.4;31.3;24.3;17.4;10.4;7;3.5;0
197;"szőlő";64.3;52.1;36.5;24.3;12.5;0;0;0
197;"kert";36.5;31.3;23.5;15.6;7;0;0;0
197;"gyümölcsös";36.5;31.3;23.5;15.6;0;0;0;0
197;"legelő";20;9.7;6.3;3.1;1.9;0.9;0;0
197;"nádas";0;0;0;0;0;0;0;0
197;"fásított terület";5.2;4.2;3.5;1.2;0;0;0;0
198;"szántó";34.8;27.8;20;13.9;9.7;6.3;2.4;0
198;"rét";32.1;21.7;15.6;9.4;3.8;0;0;0
198;"szőlő";53.9;41.7;33;25.2;11.1;0;0;0
198;"kert";34.8;24.3;13.9;7;0;0;0;0
198;"gyümölcsös";34.8;24.3;13.9;0;0;0;0;0
198;"legelő";15.6;8;3.5;1.9;0.9;0;0;0
198;"nádas";2.4;0;0;0;0;0;0;0
198;"fásított terület";9;6.3;4.2;3.5;2.6;1.7;0.7;0.1
199;"szántó";34.8;24.3;17.4;12.2;8.7;5.2;2.4;1.2
199;"rét";25.2;18.2;15.6;12.5;8.7;3.8;0;0
199;"szőlő";125.1;100.8;69.5;48.7;27.8;17.4;9.4;0
199;"kert";41.7;29.5;23.5;15.6;7;0;0;0
199;"gyümölcsös";41.7;29.5;23.5;15.6;0;0;0;0
199;"legelő";8;1.9;0.9;0;0;0;0;0
199;"nádas";0;0;0;0;0;0;0;0
199;"fásított terület";11.5;10.1;7.3;5.9;3.5;1.9;0;0
200;"szántó";48.7;43.4;33;27.8;24.3;18.2;12.2;5.6
200;"rét";55.6;41.7;31.3;24.3;17.4;10.4;5.2;0
200;"szőlő";55.6;50.4;46.9;40;32.1;28.7;26.1;21.7
200;"kert";50.4;46.9;40;36.5;31.3;13.9;7;0
200;"gyümölcsös";50.4;46.9;40;36.5;31.3;0;0;0
200;"legelő";17.4;13.9;11.1;8.3;6.6;4.2;2.3;1.2
200;"nádas";29.5;21.7;17.4;0;0;0;0;0
200;"fásított terület";9.4;8;4.5;3.1;0;0;0;0
201;"szántó";36.5;27.8;21.7;15.6;12.5;10.1;8.3;4.9
201;"rét";59.1;55.6;26.9;26.1;22.6;20;8.7;0
201;"szőlő";79.9;71.2;52.1;36.5;26.1;13.2;0;0
201;"kert";40;31.3;24.3;15.6;8.3;0;0;0
201;"gyümölcsös";40;31.3;24.3;0;0;0;0;0
201;"legelő";13.9;12.5;9.4;5.9;5.2;2.4;1.4;0.7
201;"nádas";29.5;0;0;0;0;0;0;0
201;"fásított terület";7.6;6.3;4.9;3.1;2.3;1.2;0.5;0
202;"szántó";28.7;26.1;20;17.4;15.6;11.1;4.9;3.5
202;"rét";57.3;50.4;36.5;28.7;26.1;25.2;13.9;0
202;"szőlő";48.7;41.7;18.2;0;0;0;0;0
202;"kert";53.9;46.9;40;33.9;24.3;18.2;15.6;11.1
202;"gyümölcsös";53.9;46.9;40;33.9;24.3;18.2;15.6;0
202;"legelő";11.1;3.3;1.9;0;0;0;0;0
202;"nádas";0;0;0;0;0;0;0;0
202;"fásított terület";7.6;6.3;4.9;2.8;2.3;1.2;0;0
203;"szántó";23.5;20.9;12.5;10.8;9.4;5.6;3.1;0
203;"rét";33.9;31.3;17.4;16.5;12.5;12.2;0;0
203;"szőlő";45.2;30.4;0;0;0;0;0;0
203;"kert";43.4;27.8;26.1;10.8;0;0;0;0
203;"gyümölcsös";43.4;27.8;26.1;0;0;0;0;0
203;"legelő";8;3.3;1.7;0;0;0;0;0
203;"nádas";0;0;0;0;0;0;0;0
203;"fásított terület";6.3;4.5;3.1;2.3;1.2;0.5;0;0
204;"szántó";36.5;24.3;14.8;9.4;7.3;3.5;0;0
204;"rét";40;31.3;21.7;10.4;0;0;0;0
204;"szőlő";83.4;71.2;46.9;43.4;29.5;16.5;11.1;0
204;"kert";48.7;41.7;29.5;24.3;14.8;7.3;0;0
204;"gyümölcsös";48.7;41.7;29.5;24.3;0;0;0;0
204;"legelő";9;3.3;2.1;0;0;0;0;0
204;"nádas";31.3;0;0;0;0;0;0;0
204;"fásított terület";4.9;3.1;0.9;0;0;0;0;0
205;"szántó";36.5;32.1;23.5;18.2;14.8;9.4;8;3.1
205;"rét";57.3;43.4;34.8;29.5;25.2;14.8;10.1;8.3
205;"szőlő";83.4;69.5;59.1;50.4;41.7;33;22.6;17.4
205;"kert";45.2;43.4;40;36.5;33.9;17.4;8.7;0
205;"gyümölcsös";45.2;43.4;40;36.5;33.9;0;0;0
205;"legelő";22.6;13.2;10.4;8;4.9;3.1;1.2;0
205;"nádas";0;11.8;0;0;0;0;0;0
205;"fásított terület";9.7;8;7.3;6.6;5.9;5.2;3.8;2.4
206;"szántó";36.5;32.1;27.8;18.2;15.6;9.7;7.3;3.8
206;"rét";59.1;50.4;45.2;41.7;31.3;26.1;9;8
206;"szőlő";71.2;59.1;46.9;40;22.6;17.4;0;0
206;"kert";48.7;41.7;38.2;33.9;31.3;12.2;0;0
206;"gyümölcsös";48.7;41.7;38.2;33.9;31.3;0;0;0
206;"legelő";11.1;9;7;1.4;0;0;0;0
206;"nádas";0;0;0;0;0;0;0;0
206;"fásított terület";9.7;8.3;7.6;6.6;5.9;4.9;3.5;2.4
207;"szántó";24.3;14.8;12.5;8;6.6;3.5;2.3;1.7
207;"rét";43.4;32.1;25.2;23.5;18.2;9.4;8;3
207;"szőlő";46.9;38.2;33;29.5;24.3;17.4;0;0
207;"kert";38.2;31.3;28.7;26.1;20;18.2;8.7;0
207;"gyümölcsös";38.2;31.3;28.7;26.1;20;18.2;0;0
207;"legelő";5.2;4.2;3.1;1.2;0;0;0;0
207;"nádas";0;0;0;0;0;0;0;0
207;"fásított terület";7;5.9;5.2;4.2;3.5;2.6;1.7;0.9
208;"szántó";19.1;15.6;10.4;7;5.9;4.9;2.3;0
208;"rét";25.2;21.7;10.4;4.5;0;0;0;0
208;"szőlő";32.1;26.1;16.5;0;0;0;0;0
208;"kert";31.3;26.1;23.5;10.4;0;0;0;0
208;"gyümölcsös";31.3;26.1;23.5;0;0;0;0;0
208;"legelő";3.8;3;2.6;1.2;0;0;0;0
208;"nádas";0;0;0;0;0;0;0;0
208;"fásított terület";7;5.9;5.2;4.2;3.5;2.6;1.7;1
209;"szántó";15.6;13.2;7.6;4.5;3.1;1.7;0;0
209;"rét";26.1;21.7;19.1;14.8;6.6;4.5;3.5;0
209;"szőlő";31.3;20.9;12.5;0;0;0;0;0
209;"kert";27.8;24.3;22.6;20.9;18.2;17.4;15.6;7.6
209;"gyümölcsös";27.8;24.3;22.6;20.9;18.2;17.4;15.6;0
209;"legelő";3.8;3.1;2.6;1.2;0;0;0;0
209;"nádas";0;0;0;0;0;0;0;0
209;"fásított terület";5.9;5.2;4.5;3.5;2.6;2.1;1.6;1
210;"szántó";36.5;28.7;23.5;18.2;13.2;9.4;5.2;2.8
210;"rét";52.1;43.4;34.8;27.8;20.9;13.9;7;3.5
210;"szőlő";62.6;53.9;46.9;40;31.3;17.4;12.2;0
210;"kert";50.4;31.3;26.9;20.9;13.9;0;0;0
210;"gyümölcsös";50.4;31.3;26.9;20.9;13.9;0;0;0
210;"legelő";15.6;12.5;9.4;6.3;3.8;1.7;0;0
210;"nádas";27.8;0;0;0;0;0;0;0
210;"fásított terület";8.3;7;5.9;4.5;3.8;2.4;1.6;0
211;"szántó";40;34.8;26.9;20.9;14.8;9.4;5.2;3.1
211;"rét";60.8;52.1;46.9;33.9;22.6;15.6;10.8;5.2
211;"szőlő";34.8;28.7;17.4;10.4;0;0;0;0
211;"kert";69.5;55.6;43.4;29.5;23.5;20;15.6;9.4
211;"gyümölcsös";69.5;55.6;43.4;29.5;23.5;20;15.6;0
211;"legelő";14.8;11.1;9;5.6;3.8;2.8;1.4;0.7
211;"nádas";0;0;0;0;0;0;0;0
211;"fásított terület";8.3;7;5.9;4.5;3.8;2.4;1.6;0.9
