Telepules;Kod
"Abaliget";97
"Adorjás";141
"Almamellék";165
"Almáskeresztúr";165
"Alsómocsolád";97
"Alsószentmárton";141
"Apátvarasd";108
"Aranyosgadány";126
"Ág";97
"Áta";126
"Babarc";107
"Babarcszőlős";161
"Bakóca";97
"Bakonya";161
"Baksa";161
"Baranyahídvég";141
"Baranyajenő";97
"Baranyaszentgyörgy";97
"Basal";165
"Bánfa";161
"Bár";108
"Belvárdgyula";126
"Beremend";141
"Berkesd";108
"Besence";141
"Bezedek";107
"Bicsérd";161
"Bikal";97
"Birján";126
"Bisse";142
"Boda";161
"Bodolyabér";97
"Bogád";126
"Bogádmindszent";161
"Bogdása";161
"Boldogasszonyfa";165
"Bóly";107
"Borjád";107
"Bosta";126
"Botykapeterd";161
"Bükkösd";162
"Bürüs";166
"Cún";141
"Csarnóta";142
"Csányoszró";141
"Csebény";162
"Cserdi";161
"Cserkút";127
"Csertő";165
"Csonkamindszent";161
"Dencsháza";161
"Dinnyeberki";162
"Diósviszló";140
"Drávacsehi";141
"Drávacsepely";141
"Drávafok";166
"Drávaiványi";161
"Drávakeresztúr";166
"Drávapalkonya";141
"Drávapiski";141
"Drávaszabolcs";141
"Drávaszerdahely";141
"Drávasztára";166
"Dunaszekcső";108
"Egerág";126
"Egyházasharaszti";141
"Egyházaskozár";97
"Ellend";108
"Endrőc";166
"Erdősmárok";108
"Erdősmecske";108
"Erzsébet";108
"Fazekasboda";108
"Feked";108
"Felsőegerszeg";97
"Felsőszentmárton";166
"Garé";126
"Gerde";161
"Geresdlak";108
"Gerényes";97
"Gilvánfa";161
"Gordisa";141
"Gödre";97
"Görcsöny";126
"Görcsönydoboka";108
"Gyód";126
"Gyöngyfa";161
"Gyöngyösmellék";166
"Harkány";140
"Hásságy";126
"Hegyhátmaróc";97
"Hegyszentmárton";161
"Helesfa";162
"Hetvehely";97
"Hidas";155
"Himesháza";108
"Hirics";141
"Hobol";165
"Homorúd";107
"Horváthertelend";162
"Hosszúhetény";127
"Husztót";97
"Ibafa";162
"Illocska";107
"Ipacsfa";140
"Ivánbattyán";142
"Ivándárda";107
"Kacsóta";161
"Katádfa";161
"Kákics";161
"Kárász";97
"Kásád";141
"Kátoly";108
"Kemse";141
"Keszü";126
"Kékesd";108
"Kémes";141
"Kétújfalu";166
"Királyegyháza";161
"Kisasszonyfa";161
"Kisbeszterce";97
"Kisbudmér";126
"Kisdér";161
"Kisdobsza";165
"Kishajmás";97
"Kisharsány";140
"Kisherend";126
"Kisjakabfalva";142
"Kiskassa";126
"Kislippó";107
"Kisnyárád";108
"Kisszentmárton";141
"Kistamási";166
"Kistapolca";140
"Kistótfalu";142
"Kisvaszar";97
"Komló";97
"Kórós";141
"Kovácshida";141
"Kovácsszénája";97
"Kozármisleny";126
"Köblény";97
"Kökény";126
"Kölked";107
"Kővágószőlős";127
"Kővágótöttös";127
"Lapáncsa";107
"Lánycsók";107
"Liget";97
"Lippó";107
"Liptód";108
"Lothárd";126
"Lovászhetény";108
"Lúzsok";141
"Magyarbóly";107
"Magyaregregy";97
"Magyarhertelend";97
"Magyarlukafa";165
"Magyarmecske";161
"Magyarsarlós";126
"Magyarszék";97
"Magyartelek";161
"Majs";107
"Maráza";108
"Markóc";166
"Marócsa";161
"Martonfa";126
"Matty";141
"Mágocs";96
"Mánfa";97
"Márfa";140
"Máriakéménd";108
"Márok";107
"Máza";97
"Mecseknádasd";108
"Mecsekpölöske";97
"Mekényes";97
"Merenye";165
"Meződ";97
"Mindszentgodisa";97
"Mohács";107
"Molvány";166
"Monyoród";108
"Mozsgó";165
"Nagybudmér";126
"Nagycsány";141
"Nagydobsza";165
"Nagyhajmás";97
"Nagyharsány";140
"Nagykozár";126
"Nagynyárád";107
"Nagypall";108
"Nagypeterd";161
"Nagytótfalu";140
"Nagyváty";161
"Nemeske";166
"Nyugotszenterzsébet";162
"Óbánya";108
"Ócsárd";126
"Ófalu";108
"Okorág";161
"Okorvölgy";97
"Olasz";126
"Old";141
"Orfű";97
"Oroszló";97
"Ózdfalu";161
"Palé";97
"Palkonya";142
"Palotabozsok";108
"Patapoklosi";165
"Páprád";141
"Pellérd";126
"Pereked";108
"Peterd";126
"Pettend";166
"Pécs";126
"Pécsbagota";161
"Pécsdevecser";126
"Pécsudvard";126
"Pécsvárad";108
"Piskó";141
"Pócsa";107
"Pogány";126
"Rádfalva";141
"Regenye";126
"Romonya";126
"Rózsafa";161
"Sámod";141
"Sárok";22
"Sásd";97
"Sátorhely";107
"Sellye";161
"Siklós";140
"Siklósbodony";161
"Siklósnagyfalu";140
"Somberek";108
"Somogyapáti";165
"Somogyhatvan";165
"Somogyhárságy";165
"Somogyviszló";165
"Sósvertike";161
"Sumony";161
"Szabadszentkirály";161
"Szajk";107
"Szalatnak";97
"Szalánta";126
"Szaporca";141
"Szava";142
"Szágy";97
"Szárász";97
"Szászvár";97
"Szebény";108
"Szederkény";107
"Szellő";108
"Szemely";126
"Szentdénes";161
"Szentegát";161
"Szentkatalin";97
"Szentlászló";165
"Szentlőrinc";161
"Székelyszabar";108
"Szigetvár";165
"Szilágy";108
"Szilvás";126
"Szőke";126
"Szőkéd";126
"Szörény";166
"Szulimán";165
"Szűr";108
"Tarrós";97
"Teklafalu";166
"Tengeri";161
"Tékes";97
"Tésenfa";141
"Téseny";161
"Tófű";97
"Tormás";97
"Tótszentgyörgy";165
"Töttös";107
"Túrony";142
"Udvar";107
"Újpetre";126
"Vajszló";141
"Varga";97
"Várad";166
"Vásárosbéc";165
"Vásárosdombó";96
"Vázsnok";97
"Vejti";141
"Velény";161
"Versend";107
"Vékény";97
"Véménd";108
"Villány";107
"Villánykövesd";142
"Vokány";142
"Zaláta";141
"Zádor";166
"Zengővárkony";108
"Zók";161
"Akasztó";81
"Apostag";88
"Ágasegyháza";75
"Baja";5
"Ballószög";75
"Balotaszállás";37
"Bácsalmás";149
"Bácsbokod";4
"Bácsborsód";4
"Bácsszentgyörgy";4
"Bácsszőlős";149
"Bátmonostor";4
"Bátya";61
"Bócsa";81
"Borota";5
"Bugac";81
"Bugacpusztaháza";81
"Császártöltés";81
"Csátalja";4
"Csávoly";4
"Csengőd";81
"Csikéria";149
"Csólyospálos";36
"Dávod";4
"Drágszél";61
"Dunaegyháza";88
"Dunafalva";108
"Dunapataj";61
"Dunaszentbenedek";61
"Dunatetétlen";88
"Dunavecse";88
"Dusnok";61
"Érsekcsanád";61
"Érsekhalma";61
"Fajsz";61
"Felsőlajos";75
"Felsőszentiván";4
"Foktő";61
"Fülöpháza";89
"Fülöpjakab";36
"Fülöpszállás";89
"Gara";4
"Gátér";36
"Géderlak";61
"Hajós";61
"Harkakötöny";81
"Harta";88
"Helvécia";75
"Hercegszántó";4
"Homokmégy";61
"Imrehegy";81
"Izsák";81
"Jakabszállás";81
"Jánoshalma";5
"Jászszentlászló";36
"Kalocsa";61
"Kaskantyú";81
"Katymár";4
"Kecel";81
"Kecskemét";75
"Kelebia";149
"Kerekegyháza";75
"Kéleshalom";5
"Kiskőrös";81
"Kiskunfélegyháza";36
"Kiskunhalas";37
"Kiskunmajsa";36
"Kisszállás";5
"Kömpöc";36
"Kunadacs";145
"Kunbaja";149
"Kunbaracs";145
"Kunfehértó";37
"Kunpeszér";145
"Kunszállás";36
"Kunszentmiklós";89
"Ladánybene";75
"Lajosmizse";75
"Lakitelek";75
"Madaras";4
"Mátételke";4
"Mélykút";4
"Miske";61
"Móricgát";36
"Nagybaracska";4
"Nemesnádudvar";61
"Nyárlőrinc";75
"Ordas";61
"Orgovány";81
"Öregcsertő";61
"Páhi";81
"Pálmonostora";36
"Petőfiszállás";36
"Pirtó";37
"Rém";5
"Solt";88
"Soltszentimre";81
"Soltvadkert";81
"Sükösd";61
"Szabadszállás";89
"Szakmár";61
"Szalkszentmárton";88
"Szank";36
"Szentkirály";75
"Szeremle";4
"Tabdi";81
"Tass";88
"Tataháza";4
"Tázlár";81
"Tiszaalpár";75
"Tiszakécske";75
"Tiszaug";104
"Tompa";149
"Újsolt";88
"Újtelek";61
"Uszód";61
"Vaskút";5
"Városföld";75
"Zsana";37
"Almáskamarás";3
"Battonya";9
"Békés";10
"Békéscsaba";11
"Békéssámson";11
"Békésszentandrás";150
"Bélmegyer";10
"Biharugra";119
"Bucsa";10
"Csabacsűd";150
"Csabaszabadi";11
"Csanádapáca";9
"Csárdaszállás";10
"Csorvás";11
"Dévaványa";71
"Doboz";11
"Dombegyház";9
"Dombiratos";9
"Ecsegfalva";71
"Elek";3
"Füzesgyarmat";10
"Gádoros";11
"Gerendás";11
"Geszt";117
"Gyomaendrőd";150
"Gyula";11
"Hunya";150
"Kamut";10
"Kardos";150
"Kardoskút";53
"Kaszaper";9
"Kertészsziget";10
"Kevermes";9
"Kétegyháza";11
"Kétsoprony";11
"Kisdombegyház";9
"Kondoros";150
"Körösladány";10
"Körösnagyharsány";119
"Köröstarcsa";10
"Körösújfalu";10
"Kötegyán";117
"Kunágota";9
"Lőkösháza";3
"Magyarbánhegyes";9
"Magyardombegyház";9
"Medgyesbodzás";3
"Medgyesegyháza";3
"Mezőberény";10
"Mezőgyán";117
"Mezőhegyes";9
"Mezőkovácsháza";9
"Méhkerék";117
"Murony";10
"Nagybánhegyes";9
"Nagykamarás";3
"Nagyszénás";11
"Okány";117
"Orosháza";11
"Örménykút";150
"Pusztaföldvár";11
"Pusztaottlaka";3
"Sarkad";117
"Sarkadkeresztúr";117
"Szabadkígyós";11
"Szarvas";150
"Szeghalom";10
"Tarhos";10
"Telekgerendás";11
"Tótkomlós";11
"Újkígyós";11
"Újszalonta";117
"Végegyháza";9
"Vésztő";10
"Zsadány";117
"Abaújalpár";167
"Abaújkér";167
"Abaújlak";167
"Abaújszántó";167
"Abaújszolnok";167
"Abaújvár";73
"Abod";29
"Aggtelek";132
"Alacska";133
"Alsóberecki";79
"Alsódobsza";186
"Alsógagy";139
"Alsóregmec";74
"Alsószuha";132
"Alsótelekes";29
"Alsóvadász";167
"Alsózsolca";106
"Arka";167
"Arló";134
"Arnót";29
"Aszaló";167
"Ároktő";106
"Baktakék";167
"Balajt";29
"Baskó";168
"Bánhorváti";134
"Bánréve";131
"Becskeháza";188
"Bekecs";186
"Berente";133
"Beret";167
"Berzék";186
"Bodroghalom";79
"Bodrogkeresztúr";185
"Bodrogkisfalud";185
"Bodrogolaszi";184
"Bódvalenke";188
"Bódvarákó";188
"Bódvaszilas";187
"Bogács";102
"Boldogkőújfalu";167
"Boldogkőváralja";167
"Boldva";29
"Borsodbóta";134
"Borsodgeszt";102
"Borsodivánka";101
"Borsodnádasd";134
"Borsodszentgyörgy";134
"Borsodszirák";29
"Bózsva";74
"Bőcs";106
"Bükkaranyos";102
"Bükkábrány";100
"Bükkmogyorósd";134
"Bükkszentkereszt";106
"Bükkzsérc";102
"Büttös";139
"Cigánd";79
"Csenyéte";139
"Cserépfalu";102
"Cserépváralja";102
"Csernely";134
"Csincse";100
"Csobaj";122
"Csobád";167
"Csokvaomány";134
"Damak";29
"Dámóc";79
"Debréte";29
"Detek";167
"Dédestapolcsány";134
"Domaháza";134
"Dövény";29
"Dubicsány";29
"Edelény";29
"Egerlövő";101
"Emőd";100
"Encs";167
"Erdőbénye";184
"Erdőhorváti";168
"Égerszög";189
"Fancsal";167
"Farkaslyuk";134
"Fáj";139
"Felsőberecki";79
"Felsődobsza";167
"Felsőgagy";139
"Felsőkelecsény";29
"Felsőnyárád";29
"Felsőregmec";74
"Felsőtelekes";29
"Felsővadász";167
"Felsőzsolca";106
"Filkeháza";74
"Fony";167
"Forró";167
"Fulókércs";139
"Füzér";74
"Füzérkajata";74
"Füzérkomlós";74
"Füzérradvány";74
"Gadna";167
"Gagyapáti";139
"Gagybátor";139
"Gagyvendégi";139
"Galvács";29
"Garadna";167
"Gelej";101
"Gesztely";186
"Gibárt";167
"Girincs";186
"Golop";185
"Gömörszőlős";132
"Gönc";167
"Göncruszka";167
"Györgytarló";184
"Halmaj";167
"Hangács";29
"Hangony";130
"Harsány";102
"Háromhuta";168
"Hegymeg";29
"Hejce";167
"Hejőbába";106
"Hejőkeresztúr";106
"Hejőkürt";106
"Hejőpapi";106
"Hejőszalonta";106
"Hercegkút";184
"Hernádbűd";167
"Hernádcéce";167
"Hernádkak";186
"Hernádkércs";167
"Hernádnémeti";186
"Hernádpetri";139
"Hernádszentandrás";167
"Hernádszurdok";139
"Hernádvécse";139
"Hét";131
"Hidasnémeti";72
"Hidvégardó";187
"Hollóháza";74
"Homrogd";167
"Igrici";106
"Imola";132
"Ináncs";167
"Irota";29
"Izsófalva";29
"Jákfalva";29
"Járdánháza";134
"Jósvafő";189
"Karcsa";79
"Karos";79
"Kazincbarcika";133
"Kács";102
"Kánó";132
"Kány";139
"Kázsmárk";167
"Kelemér";132
"Kenézlő";121
"Keresztéte";139
"Kesznyéten";186
"Kéked";73
"Királd";134
"Kiscsécs";186
"Kisgyőr";102
"Kishuta";74
"Kiskinizs";167
"Kisrozvágy";79
"Kissikátor";134
"Kistokaj";106
"Komjáti";187
"Komlóska";168
"Kondó";133
"Korlát";167
"Kovácsvágás";74
"Köröm";186
"Krasznokvajda";139
"Kupa";167
"Kurityán";29
"Lak";29
"Lácacséke";79
"Ládbesenyő";29
"Legyesbénye";186
"Léh";167
"Lénárddaróc";134
"Litka";139
"Makkoshotyka";138
"Martonyi";29
"Mád";185
"Mályi";106
"Mályinka";134
"Megyaszó";186
"Meszes";29
"Mezőcsát";106
"Mezőkeresztes";100
"Mezőkövesd";100
"Mezőnagymihály";101
"Mezőnyárád";100
"Mezőzombor";185
"Méra";167
"Mikóháza";74
"Miskolc";106
"Mogyoróska";168
"Monaj";167
"Monok";186
"Múcsony";29
"Muhi";106
"Nagybarca";134
"Nagycsécs";106
"Nagyhuta";74
"Nagykinizs";167
"Nagyrozvágy";79
"Nekézseny";134
"Nemesbikk";106
"Négyes";101
"Novajidrány";167
"Nyékládháza";106
"Nyésta";167
"Nyíri";74
"Nyomár";29
"Olaszliszka";184
"Onga";167
"Ónod";106
"Ormosbánya";29
"Oszlár";106
"Ózd";134
"Pamlény";139
"Parasznya";133
"Pácin";79
"Pálháza";74
"Pányok";73
"Pere";167
"Perecse";139
"Perkupa";189
"Prügy";122
"Pusztafalu";74
"Pusztaradvány";139
"Putnok";131
"Radostyán";133
"Ragály";132
"Rakaca";29
"Rakacaszend";29
"Rásonysápberencs";167
"Rátka";185
"Regéc";168
"Répáshuta";106
"Révleányvár";79
"Ricse";79
"Rudabánya";29
"Rudolftelep";29
"Sajóbábony";106
"Sajóecseg";106
"Sajógalgóc";29
"Sajóhídvég";186
"Sajóivánka";133
"Sajókaza";29
"Sajókápolna";133
"Sajókeresztúr";106
"Sajólád";106
"Sajólászlófalva";133
"Sajómercse";134
"Sajónémeti";133
"Sajóörös";106
"Sajópálfala";29
"Sajópetri";106
"Sajópüspöki";131
"Sajósenye";29
"Sajószentpéter";133
"Sajószöged";106
"Sajóvámos";29
"Sajóvelezd";133
"Sály";102
"Sárazsadány";184
"Sárospatak";184
"Sáta";134
"Sátoraljaújhely";138
"Selyeb";167
"Semjén";79
"Serényfalva";131
"Sima";168
"Sóstófalva";186
"Szakácsi";29
"Szakáld";106
"Szalaszend";139
"Szalonna";29
"Szászfa";139
"Szegi";185
"Szegilong";185
"Szemere";139
"Szendrő";29
"Szendrőlád";29
"Szentistván";101
"Szentistvánbaksa";167
"Szerencs";185
"Szikszó";167
"Szin";189
"Szinpetri";189
"Szirmabesenyő";106
"Szomolya";102
"Szögliget";187
"Szőlősardó";189
"Szuhafő";132
"Szuhakálló";29
"Szuhogy";29
"Taktabáj";122
"Taktaharkány";186
"Taktakenéz";122
"Taktaszada";186
"Tarcal";185
"Tard";102
"Tardona";134
"Tállya";185
"Telkibánya";168
"Teresztenye";189
"Tibolddaróc";102
"Tiszabábolna";103
"Tiszacsermely";79
"Tiszadorogma";103
"Tiszakarád";79
"Tiszakeszi";106
"Tiszaladány";122
"Tiszalúc";186
"Tiszapalkonya";106
"Tiszatardos";122
"Tiszatarján";106
"Tiszaújváros";106
"Tiszavalk";103
"Tokaj";185
"Tolcsva";184
"Tomor";167
"Tornabarakony";188
"Tornakápolna";189
"Tornanádaska";187
"Tornaszentandrás";188
"Tornaszentjakab";29
"Tornyosnémeti";72
"Trizs";132
"Újcsanálos";186
"Uppony";134
"Vadna";133
"Vajdácska";79
"Varbó";133
"Varbóc";189
"Vatta";100
"Vágáshuta";74
"Vámosújfalu";184
"Vilmány";167
"Vilyvitány";74
"Viss";121
"Viszló";29
"Vizsoly";167
"Zalkod";121
"Zádorfalva";132
"Zemplénagárd";79
"Ziliz";29
"Zubogy";132
"Zsujta";167
"Algyő";152
"Ambrózfalva";9
"Apátfalva";92
"Árpádhalom";53
"Ásotthalom";151
"Baks";152
"Balástya";151
"Bordány";151
"Csanádalberti";9
"Csanádpalota";92
"Csanytelek";152
"Csengele";151
"Csongrád";152
"Derekegyház";53
"Deszk";190
"Dóc";152
"Domaszék";151
"Eperjes";53
"Fábiánsebestyén";54
"Felgyő";152
"Ferencszállás";190
"Forráskút";151
"Földeák";92
"Hódmezővásárhely";53
"Királyhegyes";92
"Kistelek";151
"Kiszombor";118
"Klárafalva";190
"Kövegy";92
"Kübekháza";190
"Magyarcsanád";92
"Makó";92
"Maroslele";92
"Mártély";53
"Mindszent";54
"Mórahalom";151
"Nagyér";9
"Nagylak";92
"Nagymágocs";53
"Nagytőke";54
"Óföldeák";92
"Ópusztaszer";152
"Öttömös";151
"Pitvaros";9
"Pusztamérges";36
"Pusztaszer";152
"Röszke";151
"Ruzsa";151
"Sándorfalva";152
"Szatymaz";151
"Szeged";151
"Szőreg";190
"Tápé";152
"Gyála";190
"Kiskundorozsma";151
"Szegvár";54
"Székkutas";53
"Szentes";54
"Tiszasziget";190
"Tömörkény";152
"Újszentiván";190
"Üllés";151
"Zákányszék";151
"Zsombó";151
"Aba";164
"Adony";137
"Alap";137
"Alcsútdoboz";196
"Alsószentiván";137
"Bakonycsernye";210
"Bakonykúti";111
"Balinka";111
"Baracs";137
"Baracska";195
"Beloiannisz";195
"Besnyő";195
"Bicske";196
"Bodajk";111
"Bodmér";196
"Cece";137
"Csabdi";196
"Csákberény";111
"Csákvár";111
"Csókakő";111
"Csór";111
"Csősz";164
"Daruszentmiklós";137
"Dég";200
"Dunaújváros";137
"Előszállás";137
"Enying";200
"Ercsi";195
"Etyek";196
"Fehérvárcsurgó";111
"Felcsút";196
"Füle";164
"Gánt";111
"Gárdony";164
"Gyúró";196
"Hantos";137
"Igar";137
"Iszkaszentgyörgy";111
"Isztimér";111
"Iváncsa";195
"Jenő";164
"Kajászó";195
"Káloz";137
"Kápolnásnyék";164
"Kincsesbánya";111
"Kisapostag";137
"Kisláng";164
"Kőszárhegy";164
"Kulcs";137
"Lajoskomárom";200
"Lepsény";200
"Lovasberény";164
"Magyaralmás";111
"Martonvásár";195
"Mány";196
"Mátyásdomb";200
"Mezőfalva";137
"Mezőkomárom";200
"Mezőszentgyörgy";200
"Mezőszilas";200
"Moha";164
"Mór";111
"Nadap";164
"Nagykarácsony";137
"Nagylók";137
"Nagyveleg";111
"Nagyvenyim";137
"Nádasdladány";164
"Óbarok";196
"Pákozd";164
"Pátka";164
"Pázmánd";164
"Perkáta";137
"Polgárdi";164
"Pusztaszabolcs";137
"Pusztavám";111
"Rácalmás";137
"Ráckeresztúr";195
"Sárbogárd";137
"Sáregres";137
"Sárkeresztes";164
"Sárkeresztúr";137
"Sárkeszi";164
"Sárosd";137
"Sárszentágota";137
"Sárszentmihály";164
"Seregélyes";164
"Soponya";164
"Söréd";111
"Sukoró";164
"Szabadbattyán";164
"Szabadegyháza";137
"Szabadhídvég";67
"Szár";196
"Székesfehérvár";164
"Tabajd";196
"Tác";164
"Tordas";195
"Újbarok";196
"Úrhida";164
"Vajta";137
"Vál";196
"Velence";164
"Vereb";164
"Vértesacsa";196
"Vértesboglár";111
"Zámoly";164
"Zichyújfalu";164
"Abda";47
"Acsalag";65
"Agyagosszergény";113
"Ágfalva";143
"Árpás";66
"Ásványráró";47
"Babót";64
"Bakonypéterd";210
"Barbacs";65
"Bágyogszovát";66
"Beled";64
"Bezenye";120
"Bezi";45
"Bodonhely";66
"Bogyoszló";65
"Bőny";48
"Börcs";47
"Bősárkány";65
"Cakóháza";45
"Cirák";64
"Csapod";64
"Csáfordjánosfa";18
"Csér";18
"Csikvánd";46
"Csorna";65
"Darnózseli";95
"Dénesfa";64
"Dör";66
"Dunakiliti";120
"Dunaremete";95
"Dunaszeg";47
"Dunaszentpál";47
"Dunasziget";120
"Ebergőc";113
"Edve";66
"Egyed";66
"Egyházasfalu";18
"Enese";45
"Écs";48
"Farád";65
"Fehértó";45
"Feketeerdő";95
"Felpéc";48
"Fertőboz";112
"Fertőd";113
"Fertőendréd";113
"Fertőhomok";113
"Fertőrákos";143
"Fertőszentmiklós";113
"Fertőszéplak";113
"Gönyű";48
"Gyalóka";18
"Gyarmat";48
"Gyóró";64
"Gyömöre";48
"Győr";48
"Győrasszonyfa";48
"Győrladamér";47
"Győrság";48
"Győrsövényház";45
"Győrszemere";48
"Győrújbarát";48
"Győrújfalu";47
"Győrzámoly";47
"Halászi";95
"Harka";112
"Hegyeshalom";120
"Hegykő";113
"Hédervár";47
"Hidegség";112
"Himod";64
"Hövej";64
"Ikrény";45
"Iván";18
"Jánossomorja";95
"Jobaháza";65
"Kajárpéc";48
"Kapuvár";64
"Károlyháza";95
"Kimle";95
"Kisbabot";46
"Kisbajcs";47
"Kisbodak";95
"Kisfalud";65
"Kóny";45
"Kópháza";112
"Koroncó";46
"Kunsziget";47
"Lázi";210
"Levél";120
"Lébény";95
"Lipót";95
"Lövő";112
"Maglóca";65
"Magyarkeresztúr";65
"Markotabödöge";45
"Máriakálnok";95
"Mecsér";95
"Mezőörs";48
"Mérges";46
"Mihályi";65
"Mórichida";46
"Mosonmagyaróvár";95
"Mosonszentmiklós";95
"Mosonszolnok";95
"Mosonudvar";95
"Nagybajcs";47
"Nagycenk";112
"Nagylózs";113
"Nagyszentjános";48
"Nemeskér";112
"Nyalka";48
"Nyúl";48
"Osli";64
"Öttevény";47
"Pannonhalma";48
"Páli";66
"Pásztori";66
"Pázmándfalu";48
"Pereszteg";113
"Petőháza";113
"Pér";48
"Pinnye";113
"Potyond";65
"Pusztacsalád";64
"Püski";95
"Rajka";120
"Ravazd";48
"Rábacsanak";66
"Rábacsécsény";45
"Rábakecöl";66
"Rábapatona";45
"Rábapordány";66
"Rábasebes";66
"Rábaszentandrás";66
"Rábaszentmihály";46
"Rábaszentmiklós";46
"Rábatamási";65
"Rábcakapi";45
"Répceszemere";18
"Répcevis";18
"Rétalap";48
"Röjtökmuzsaj";113
"Sarród";113
"Sobor";66
"Sokorópátka";48
"Sopron";143
"Sopronhorpács";18
"Sopronkövesd";112
"Sopronnémeti";65
"Szakony";18
"Szany";66
"Szárföld";64
"Szerecseny";48
"Szil";66
"Szilsárkány";65
"Tarjánpuszta";48
"Táp";48
"Tápszentmiklós";48
"Tárnokréti";45
"Tényő";48
"Tét";46
"Töltéstava";48
"Újkér";18
"Újrónafő";95
"Und";18
"Vadosfa";65
"Vág";66
"Vámosszabadi";47
"Várbalog";95
"Vásárosfalu";66
"Veszkény";64
"Vének";47
"Vitnyéd";64
"Völcsej";112
"Zsebeháza";66
"Zsira";18
"Álmosd";163
"Ártánd";119
"Bagamér";163
"Bakonszeg";14
"Balmazújváros";49
"Báránd";14
"Bedő";119
"Berekböszörmény";119
"Berettyóújfalu";13
"Bihardancsháza";14
"Biharkeresztes";14
"Biharnagybajom";14
"Bihartorda";14
"Bocskaikert";50
"Bojt";119
"Csökmő";14
"Darvas";14
"Debrecen I. kerület";23
"II. kerület";23
"III. kerület";23
"IV. kerület";24
"Derecske";13
"Ebes";23
"Egyek";24
"Esztár";13
"Folyás";49
"Földes";24
"Furta";14
"Fülöp";115
"Gáborján";13
"Görbeháza";49
"Hajdúbagos";13
"Hajdúböszörmény";49
"Hajdúdorog";50
"Hajdúhadház";50
"Hajdúnánás";49
"Hajdúsámson";50
"Hajdúszoboszló";24
"Hajdúszovát";24
"Hencida";13
"Hortobágy";49
"Hosszúpályi";163
"Kaba";24
"Kismarja";119
"Kokad";163
"Komádi";14
"Konyár";13
"Körösszakál";14
"Körösszegapáti";14
"Létavértes";163
"Magyarhomorog";14
"Mezőpeterd";14
"Mezősas";14
"Mikepércs";24
"Monostorpályi";163
"Nagyhegyes";23
"Nagykereki";119
"Nagyrábé";14
"Nádudvar";24
"Nyíracsád";115
"Nyíradony";115
"Nyírábrány";115
"Nyírmártonfalva";115
"Pocsaj";163
"Polgár";49
"Püspökladány";24
"Sáp";14
"Sáránd";13
"Sárrétudvari";14
"Szentpéterszeg";13
"Szerep";14
"Tetétlen";24
"Téglás";50
"Tépe";13
"Tiszacsege";49
"Tiszagyulaháza";106
"Told";14
"Újiráz";14
"Újléta";163
"Újszentmargita";49
"Újtikos";49
"Vámospércs";24
"Váncsod";13
"Vekerd";14
"Zsáka";14
"Abasár";44
"Adács";43
"Aldebrő";30
"Andornaktálya";102
"Apc";44
"Atkár";43
"Átány";51
"Balaton";134
"Bátor";128
"Bekölce";128
"Besenyőtelek";51
"Bélapátfalva";134
"Boconád";51
"Bodony";128
"Boldog";41
"Bükkszenterzsébet";128
"Bükkszentmárton";134
"Bükkszék";128
"Csány";43
"Demjén";32
"Detk";43
"Domoszló";44
"Dormánd";30
"Ecséd";44
"Eger";31
"Egerbakta";32
"Egerbocs";128
"Egercsehi";128
"Egerfarmos";101
"Egerszalók";32
"Egerszólát";32
"Erdőkövesd";128
"Erdőtelek";51
"Erk";51
"Fedémes";128
"Feldebrő";31
"Felsőtárkány";102
"Füzesabony";30
"Gyöngyös";44
"Gyöngyöshalász";43
"Gyöngyösoroszi";44
"Gyöngyöspata";44
"Gyöngyössolymos";44
"Gyöngyöstarján";44
"Halmajugra";44
"Hatvan";43
"Heréd";169
"Heves";51
"Hevesaranyos";128
"Hevesvezekény";52
"Hort";43
"Istenmezeje";128
"Ivád";128
"Karácsond";43
"Kál";30
"Kápolna";30
"Kerecsend";31
"Kerekharaszt";43
"Kisfüzes";128
"Kisköre";52
"Kisnána";44
"Kompolt";30
"Kömlő";51
"Lőrinci";169
"Ludas";43
"Maklár";31
"Markaz";44
"Mátraballa";128
"Mátraderecske";128
"Mátraszentimre";44
"Mezőszemere";100
"Mezőtárkány";30
"Mikófalva";128
"Mónosbél";134
"Nagyfüged";43
"Nagykökényes";169
"Nagyréde";44
"Nagytálya";31
"Nagyút";30
"Nagyvisnyó";134
"Noszvaj";102
"Novaj";102
"Ostoros";102
"Parád";128
"Parádsasvár";128
"Pálosvörösmart";44
"Petőfibánya";169
"Pély";52
"Pétervására";128
"Poroszló";52
"Recsk";128
"Rózsaszentmárton";44
"Sarud";52
"Sirok";128
"Szajla";128
"Szarvaskő";32
"Szentdomonkos";128
"Szihalom";100
"Szilvásvárad";134
"Szúcs";128
"Szűcsi";44
"Tarnabod";30
"Tarnalelesz";128
"Tarnaméra";51
"Tarnaörs";51
"Tarnaszentmária";32
"Tarnaszentmiklós";52
"Tarnazsadány";43
"Tenk";51
"Terpes";128
"Tiszanána";52
"Tófalu";30
"Újlőrincfalva";52
"Vámosgyörk";43
"Váraszó";128
"Verpelét";31
"Vécs";31
"Visonta";44
"Visznek";43
"Zagyvaszántó";169
"Zaránk";51
"Abádszalók";183
"Alattyán";59
"Berekfürdő";70
"Besenyszög";172
"Cibakháza";104
"Csataszög";172
"Cserkeszőlő";104
"Csépa";104
"Fegyvernek";172
"Hunyadfalva";172
"Jánoshida";59
"Jászalsószentgyörgy";59
"Jászapáti";59
"Jászágó";59
"Jászárokszállás";59
"Jászberény";59
"Jászboldogháza";59
"Jászdózsa";59
"Jászfelsőszentgyörgy";60
"Jászfényszaru";60
"Jászivány";59
"Jászjákóhalma";59
"Jászkisér";59
"Jászladány";59
"Jászszentandrás";60
"Jásztelek";59
"Karcag";70
"Kenderes";69
"Kengyel";172
"Kétpó";105
"Kisújszállás";69
"Kőtelek";172
"Kuncsorba";69
"Kunhegyes";70
"Kunmadaras";70
"Kunszentmárton";105
"Martfű";105
"Mesterszállás";105
"Mezőhék";105
"Mezőtúr";105
"Nagyiván";183
"Nagykörű";172
"Nagyrév";104
"Öcsöd";105
"Örményes";172
"Pusztamonostor";60
"Rákóczifalva";172
"Rákócziújfalu";172
"Szajol";172
"Szászberek";172
"Szelevény";105
"Szolnok";172
"Tiszabő";183
"Tiszabura";183
"Tiszaderzs";183
"Tiszaföldvár";105
"Tiszafüred";183
"Tiszagyenda";183
"Tiszaigar";183
"Tiszainoka";104
"Tiszajenő";172
"Tiszakürt";104
"Tiszaörs";183
"Tiszapüspöki";172
"Tiszaroff";183
"Tiszasas";104
"Tiszasüly";172
"Tiszaszentimre";183
"Tiszaszőlős";183
"Tiszatenyő";172
"Tiszavárkony";172
"Tomajmonostora";183
"Tószeg";172
"Törökszentmiklós";172
"Túrkeve";69
"Újszász";16
"Vezseny";172
"Zagyvarékas";16
"Aka";210
"Almásfüzitő";80
"Annavölgy";33
"Ács";80
"Ácsteszér";210
"Ászár";80
"Baj";182
"Bajna";33
"Bajót";33
"Bakonybánk";210
"Bakonysárkány";111
"Bakonyszombathely";210
"Bana";80
"Bábolna";80
"Bársonyos";210
"Bokod";80
"Csatka";210
"Császár";80
"Csém";80
"Csép";80
"Csolnok";33
"Dad";80
"Dág";33
"Dorog";33
"Dömös";33
"Dunaalmás";182
"Dunaszentmiklós";182
"Epöl";33
"Esztergom";33
"Ete";80
"Gyermely";182
"Héreg";182
"Kecskéd";182
"Kerékteleki";210
"Kesztölc";33
"Kisbér";80
"Kisigmánd";80
"Kocs";80
"Komárom";80
"Kömlőd";80
"Környe";182
"Lábatlan";33
"Leányvár";33
"Máriahalom";33
"Mocsa";80
"Mogyorósbánya";33
"Nagyigmánd";80
"Nagysáp";33
"Naszály";182
"Neszmély";182
"Nyergesújfalu";33
"Oroszlány";182
"Piliscsév";33
"Pilismarót";33
"Réde";210
"Sárisáp";33
"Súr";210
"Süttő";33
"Szákszend";80
"Szárliget";196
"Szomód";182
"Szomor";182
"Tardos";182
"Tarján";182
"Tata";182
"Tatabánya";182
"Tárkány";80
"Tát";33
"Tokod";33
"Tokodaltáró";33
"Úny";33
"Várgesztes";182
"Vérteskethely";80
"Vértessomló";182
"Vértesszőlős";182
"Vértestolna";182
"Alsópetény";7
"Alsótold";171
"Balassagyarmat";8
"Bánk";6
"Bárna";40
"Bátonyterenye";39
"Becske";171
"Bercel";170
"Berkenye";6
"Bér";170
"Bokor";171
"Borsosberény";6
"Buják";170
"Cered";40
"Cserháthaláp";7
"Cserhátsurány";7
"Cserhátszentiván";171
"Csesztve";8
"Csécse";170
"Csitár";7
"Debercsény";7
"Dejtár";6
"Diósjenő";6
"Dorogháza";129
"Drégelypalánk";6
"Ecseg";170
"Egyházasdengeleg";169
"Egyházasgerge";39
"Endrefalva";38
"Erdőkürt";170
"Erdőtarcsa";169
"Etes";39
"Érsekvadkert";6
"Felsőpetény";7
"Felsőtold";171
"Galgaguta";170
"Garáb";171
"Herencsény";7
"Héhalom";169
"Hollókő";39
"Hont";6
"Horpács";6
"Hugyag";7
"Iliny";7
"Ipolyszög";8
"Ipolytarnóc";38
"Ipolyvece";6
"Jobbágyi";169
"Karancsalja";39
"Karancsberény";39
"Karancskeszi";39
"Karancslapujtő";39
"Karancsság";39
"Kazár";40
"Kálló";170
"Keszeg";7
"Kétbodony";7
"Kisbágyon";169
"Kisbárkány";39
"Kisecset";7
"Kishartyán";39
"Kozárd";171
"Kutasó";171
"Legénd";7
"Litke";38
"Lucfalva";39
"Ludányhalászi";38
"Magyargéc";39
"Magyarnándor";7
"Márkháza";39
"Mátramindszent";128
"Mátranovák";40
"Mátraszele";40
"Mátraszőlős";171
"Mátraterenye";40
"Mátraverebély";39
"Mihálygerge";39
"Mohora";7
"Nagybárkány";39
"Nagykeresztúr";39
"Nagylóc";39
"Nagyoroszi";6
"Nemti";40
"Nézsa";6
"Nógrád";6
"Nógrádkövesd";170
"Nógrádmarcal";7
"Nógrádmegyer";39
"Nógrádsáp";6
"Nógrádsipek";39
"Nógrádszakál";38
"Nőtincs";6
"Őrhalom";7
"Ősagárd";7
"Palotás";169
"Patak";6
"Patvarc";8
"Pásztó";44
"Piliny";39
"Pusztaberki";6
"Rákóczibánya";39
"Rétság";6
"Rimóc";39
"Romhány";6
"Salgótarján";39
"Ságújfalu";39
"Sámsonháza";39
"Somoskőújfalu";39
"Sóshartyán";39
"Szalmatercs";39
"Szanda";171
"Szarvasgede";169
"Szátok";6
"Szendehely";6
"Szente";7
"Szécsénke";7
"Szécsény";38
"Szécsényfelfalu";39
"Szilaspogony";40
"Szirák";170
"Szuha";128
"Szurdokpüspöki";44
"Szügy";8
"Tar";44
"Tereske";6
"Terény";171
"Tolmács";6
"Vanyarc";170
"Varsány";38
"Vizslás";40
"Zabar";40
"Abony";16
"Acsa";15
"Albertirsa";109
"Alsónémedi";145
"Apaj";88
"Aszód";41
"Áporka";88
"Bag";41
"Bernecebaráti";198
"Bénye";109
"Biatorbágy";156
"Budajenő";156
"Budakalász";156
"Budakeszi";15
"Budaörs";15
"Bugyi";145
"Cegléd";16
"Ceglédbercel";16
"Csemő";75
"Csévharaszt";145
"Csobánka";157
"Csomád";15
"Csömör";42
"Csörög";15
"Csővár";15
"Dabas";145
"Dánszentmiklós";110
"Dány";41
"Délegyháza";145
"Diósd";195
"Domony";41
"Dömsöd";88
"Dunabogdány";156
"Dunaharaszti";145
"Dunakeszi";15
"Dunavarsány";145
"Ecser";109
"Erdőkertes";42
"Érd";195
"Farmos";16
"Felsőpakony";145
"Fót";15
"Galgagyörk";15
"Galgahévíz";41
"Galgamácsa";41
"Gomba";109
"Göd";15
"Gödöllő";42
"Gyál";145
"Gyömrő";109
"Halásztelek";87
"Herceghalom";156
"Hernád";145
"Hévízgyörk";41
"Iklad";41
"Inárcs";145
"Ipolydamásd";197
"Ipolytölgyes";197
"Isaszeg";42
"Jászkarajenő";173
"Kakucs";145
"Kartal";41
"Káva";109
"Kemence";198
"Kerepes";42
"Kiskunlacháza";88
"Kismaros";6
"Kisnémedi";15
"Kisoroszi";6
"Kistarcsa";42
"Kocsér";173
"Kóka";17
"Kosd";6
"Kóspallag";199
"Kőröstetétlen";75
"Leányfalu";156
"Letkés";197
"Lórév";87
"Maglód";109
"Majosháza";88
"Makád";87
"Márianosztra";199
"Mende";109
"Mikebuda";110
"Mogyoród";42
"Monor";109
"Monorierdő";109
"Nagybörzsöny";198
"Nagykáta";17
"Nagykovácsi";157
"Nagykőrös";75
"Nagymaros";199
"Nagytarcsa";42
"Nyáregyháza";110
"Nyársapát";75
"Ócsa";145
"Őrbottyán";15
"Örkény";145
"Pánd";109
"Páty";156
"Penc";6
"Perbál";156
"Perőcsény";198
"Pécel";42
"Péteri";109
"Pilis";109
"Pilisborosjenő";156
"Piliscsaba";157
"Pilisjászfalu";157
"Pilisszántó";157
"Pilisszentiván";157
"Pilisszentkereszt";157
"Pilisszentlászló";157
"Pilisvörösvár";156
"Pócsmegyer";156
"Pomáz";156
"Pusztavacs";110
"Pusztazámor";196
"Püspökhatvan";15
"Püspökszilágy";15
"Ráckeve";87
"Rád";6
"Remeteszőlős";157
"Solymár";156
"Sóskút";196
"Sülysáp";109
"Szada";42
"Százhalombatta";195
"Szentendre";156
"Szentlőrinckáta";17
"Szentmártonkáta";17
"Szigetbecse";87
"Szigetcsép";87
"Szigethalom";87
"Szigetmonostor";156
"Szigetszentmárton";87
"Szigetszentmiklós";145
"Szigetújfalu";87
"Szob";197
"Szokolya";199
"Sződ";15
"Sződliget";15
"Tahitótfalu";156
"Taksony";145
"Tatárszentgyörgy";145
"Táborfalva";145
"Tápióbicske";109
"Tápiógyörgye";16
"Tápióság";17
"Tápiószecső";17
"Tápiószele";16
"Tápiószentmárton";17
"Tápiószőlős";16
"Tárnok";195
"Telki";156
"Tésa";198
"Tinnye";157
"Tóalmás";17
"Tök";156
"Tököl";87
"Törökbálint";15
"Törtel";16
"Tura";41
"Újhartyán";145
"Újlengyel";145
"Újszilvás";16
"Úri";109
"Üllő";109
"Üröm";156
"Valkó";41
"Vasad";110
"Vác";15
"Vácduka";15
"Vácegres";41
"Váchartyán";15
"Váckisújfalu";41
"Vácrátót";15
"Vácszentlászló";41
"Vámosmikola";197
"Vecsés";109
"Veresegyház";42
"Verőce";6
"Verseg";41
"Visegrád";157
"Zebegény";199
"Zsámbék";156
"Zsámbok";41
"Alsóbogát";57
"Andocs";68
"Ádánd";67
"Babócsa";21
"Bakháza";21
"Balatonberény";93
"Balatonboglár";67
"Balatonendréd";67
"Balatonfenyves";94
"Balatonföldvár";67
"Balatonkeresztúr";93
"Balatonlelle";67
"Balatonmáriafürdő";93
"Balatonőszöd";67
"Balatonszabadi";200
"Balatonszárszó";67
"Balatonszemes";67
"Balatonszentgyörgy";93
"Balatonújlak";93
"Balatonvilágos";200
"Barcs";166
"Baté";55
"Bábonymegyer";68
"Bálványos";68
"Bárdudvarnok";63
"Bedegkér";177
"Beleg";21
"Berzence";21
"Bélavár";21
"Bodrog";57
"Bolhás";21
"Bolhó";21
"Bonnya";68
"Böhönye";94
"Bőszénfa";63
"Buzsák";94
"Büssü";56
"Csákány";94
"Cserénfa";63
"Csokonyavisonta";165
"Csoma";55
"Csombárd";57
"Csököly";63
"Csömend";94
"Csurgó";21
"Csurgónagymarton";20
"Darány";166
"Drávagárdony";166
"Drávatamási";166
"Ecseny";57
"Edde";57
"Felsőmocsolád";57
"Fiad";68
"Fonó";55
"Fonyód";94
"Főnyed";93
"Gadács";56
"Gadány";93
"Gamás";68
"Gálosfa";63
"Gige";63
"Gölle";55
"Görgeteg";165
"Gyékényes";21
"Gyugy";94
"Hajmás";63
"Hács";94
"Háromfa";21
"Hedrehely";63
"Hencse";63
"Heresznye";21
"Hetes";55
"Hollád";93
"Homokszentgyörgy";165
"Hosszúvíz";94
"Igal";56
"Iharos";21
"Iharosberény";21
"Inke";21
"Istvándi";165
"Jákó";63
"Juta";55
"Kadarkút";63
"Kapoly";68
"Kaposfő";62
"Kaposgyarmat";63
"Kaposhomok";62
"Kaposkeresztúr";62
"Kaposmérő";62
"Kaposszerdahely";63
"Kaposújlak";62
"Kaposvár";62
"Karád";68
"Kastélyosdombó";166
"Kaszó";21
"Kazsok";56
"Kálmáncsa";165
"Kánya";177
"Kára";68
"Kelevíz";94
"Kercseliget";58
"Kereki";68
"Kéthely";93
"Kisasszond";63
"Kisbajom";63
"Kisbárapáti";68
"Kisberény";94
"Kisgyalán";55
"Kiskorpád";63
"Komlósd";165
"Kőkút";63
"Kőröshegy";67
"Kötcse";68
"Kutas";63
"Lad";165
"Lakócsa";166
"Lábod";21
"Látrány";68
"Lengyeltóti";94
"Libickozma";94
"Lulla";68
"Magyaratád";56
"Magyaregres";56
"Marcali";93
"Mernye";56
"Mesztegnyő";94
"Mezőcsokonya";57
"Mike";63
"Miklósi";68
"Mosdós";55
"Nagyatád";21
"Nagybajom";62
"Nagyberény";67
"Nagyberki";55
"Nagycsepely";68
"Nagykorpád";63
"Nagyszakácsi";93
"Nágocs";68
"Nemesdéd";94
"Nemeskisfalud";93
"Nemesvid";94
"Nikla";94
"Nyim";68
"Orci";55
"Ordacsehi";67
"Osztopán";57
"Öreglak";94
"Őrtilos";20
"Ötvöskónyi";21
"Pamuk";94
"Patalom";56
"Patca";63
"Patosfa";165
"Pálmajor";62
"Péterhida";165
"Pogányszentpéter";20
"Polány";57
"Porrog";20
"Porrogszentkirály";20
"Porrogszentpál";20
"Potony";166
"Pusztakovácsi";94
"Pusztaszemes";68
"Ráksi";56
"Rinyabesenyő";165
"Rinyakovácsi";63
"Rinyaszentkirály";21
"Rinyaújlak";165
"Rinyaújnép";21
"Ságvár";67
"Sántos";62
"Sávoly";93
"Segesd";21
"Sérsekszőlős";68
"Simonfa";63
"Siófok";200
"Siójut";67
"Som";67
"Somodor";55
"Somogyacsa";68
"Somogyaracs";165
"Somogyaszaló";56
"Somogybabod";68
"Somogybükkösd";20
"Somogycsicsó";21
"Somogydöröcske";68
"Somogyegres";68
"Somogyfajsz";94
"Somogygeszti";57
"Somogyjád";57
"Somogymeggyes";68
"Somogysámson";93
"Somogysárd";62
"Somogysimonyi";94
"Somogyszentpál";94
"Somogyszil";56
"Somogyszob";21
"Somogytúr";68
"Somogyudvarhely";21
"Somogyvámos";94
"Somogyvár";94
"Somogyzsitfa";93
"Szabadi";55
"Szabás";63
"Szántód";67
"Szegerdő";93
"Szenna";63
"Szenta";21
"Szentbalázs";62
"Szentborbás";166
"Szentgáloskér";56
"Szenyér";93
"Szilvásszentmárton";63
"Szólád";68
"Szorosad";68
"Szőkedencs";94
"Szőlősgyörök";68
"Szulok";165
"Tab";68
"Tapsony";93
"Tarany";21
"Taszár";55
"Táska";94
"Teleki";68
"Tengőd";177
"Tikos";93
"Torvaj";68
"Tótújfalu";166
"Törökkoppány";68
"Újvárfalva";62
"Varászló";94
"Várda";55
"Vése";94
"Visnye";63
"Visz";68
"Vízvár";21
"Vörs";93
"Zala";68
"Zamárdi";67
"Zákány";20
"Zákányfalu";20
"Zics";68
"Zimány";55
"Zselickisfalud";63
"Zselickislak";63
"Zselicszentpál";63
"Ajak";82
"Anarcs";83
"Apagy";115
"Aranyosapáti";82
"Baktalórántháza";83
"Balkány";115
"Balsa";121
"Barabás";12
"Bátorliget";115
"Benk";82
"Beregdaróc";12
"Beregsurány";12
"Berkesz";121
"Besenyőd";115
"Beszterec";121
"Biri";115
"Botpalád";35
"Bököny";115
"Buj";121
"Cégénydányád";34
"Csaholc";35
"Csaroda";12
"Császló";35
"Csegöld";34
"Csenger";98
"Csengersima";35
"Csengerújfalu";98
"Darnó";35
"Demecser";121
"Dombrád";82
"Döge";82
"Encsencs";115
"Eperjeske";83
"Érpatak";115
"Fábiánháza";116
"Fehérgyarmat";34
"Fényeslitke";82
"Fülesd";35
"Fülpösdaróc";34
"Gacsály";35
"Garbolc";35
"Gávavencsellő";121
"Gelénes";12
"Gemzse";83
"Geszteréd";115
"Géberjén";34
"Gégény";121
"Gulács";12
"Győröcske";191
"Győrtelek";98
"Gyulaháza";83
"Gyügye";34
"Gyüre";82
"Hermánszeg";34
"Hetefejércse";12
"Hodász";99
"Ibrány";121
"Ilk";99
"Jánd";12
"Jánkmajtis";34
"Jármi";99
"Jéke";83
"Kállósemjén";115
"Kálmánháza";115
"Kántorjánosi";99
"Kemecse";121
"Kék";121
"Kékcse";82
"Kérsemjén";34
"Kisar";34
"Kishódos";35
"Kisléta";115
"Kisnamény";35
"Kispalád";35
"Kisszekeres";35
"Kisvarsány";82
"Kisvárda";82
"Kocsord";98
"Komlódtótfalu";34
"Komoró";82
"Kótaj";121
"Kölcse";35
"Kömörő";35
"Laskod";83
"Levelek";115
"Lónya";12
"Lövőpetri";83
"Magosliget";35
"Magy";115
"Mánd";35
"Mándok";83
"Máriapócs";115
"Márokpapi";12
"Mátészalka";99
"Mátyus";12
"Mezőladány";82
"Méhtelek";35
"Mérk";116
"Milota";34
"Nagyar";34
"Nagycserkesz";121
"Nagydobos";99
"Nagyecsed";116
"Nagyhalász";121
"Nagyhódos";35
"Nagykálló";115
"Nagyszekeres";35
"Nagyvarsány";82
"Napkor";115
"Nábrád";34
"Nemesborzova";35
"Nyírbátor";115
"Nyírbéltek";115
"Nyírbogát";115
"Nyírbogdány";121
"Nyírcsaholy";99
"Nyírcsászári";99
"Nyírderzs";99
"Nyíregyháza";121
"Nyírgelse";115
"Nyírgyulaj";115
"Nyíribrony";115
"Nyírjákó";83
"Nyírkarász";83
"Nyírkáta";99
"Nyírkércs";115
"Nyírlövő";83
"Nyírlugos";115
"Nyírmada";83
"Nyírmeggyes";99
"Nyírmihálydi";115
"Nyírparasznya";99
"Nyírpazony";121
"Nyírpilis";115
"Nyírtass";83
"Nyírtelek";121
"Nyírtét";121
"Nyírtura";121
"Nyírvasvári";116
"Ófehértó";115
"Olcsva";98
"Olcsvaapáti";34
"Ópályi";99
"Ököritófülpös";98
"Ömböly";116
"Őr";115
"Panyola";34
"Pap";83
"Papos";99
"Paszab";121
"Pátroha";82
"Pátyod";98
"Penészlek";116
"Penyige";35
"Petneháza";83
"Piricse";115
"Pócspetri";115
"Porcsalma";98
"Pusztadobos";83
"Rakamaz";121
"Ramocsaháza";115
"Rápolt";98
"Rétközberencs";82
"Rohod";83
"Rozsály";35
"Sényő";121
"Sonkád";35
"Szabolcs";121
"Szabolcsbáka";83
"Szabolcsveresmart";82
"Szakoly";115
"Szamosangyalos";98
"Szamosbecs";34
"Szamoskér";98
"Szamossályi";98
"Szamosszeg";98
"Szamostatárfalva";34
"Szamosújlak";34
"Szatmárcseke";34
"Székely";121
"Szorgalmatos";122
"Tarpa";12
"Tákos";12
"Terem";116
"Tiborszállás";116
"Timár";121
"Tiszaadony";12
"Tiszabecs";34
"Tiszabercel";121
"Tiszabezdéd";82
"Tiszacsécse";34
"Tiszadada";122
"Tiszadob";122
"Tiszaeszlár";122
"Tiszakanyár";82
"Tiszakerecseny";12
"Tiszakóród";34
"Tiszalök";122
"Tiszamogyorós";82
"Tiszanagyfalu";121
"Tiszarád";121
"Tiszaszalka";12
"Tiszaszentmárton";82
"Tiszatelek";121
"Tiszavasvári";122
"Tiszavid";12
"Tisztaberek";35
"Tivadar";12
"Tornyospálca";83
"Tunyogmatolcs";98
"Túristvándi";34
"Túrricse";35
"Tuzsér";82
"Tyukod";98
"Újdombrád";82
"Újfehértó";115
"Újkenéz";82
"Ura";98
"Uszka";35
"Vaja";83
"Vasmegyer";121
"Vállaj";116
"Vámosatya";12
"Vámosoroszi";35
"Vásárosnamény";12
"Zajta";35
"Záhony";191
"Zsarolyán";34
"Zsurk";82
"Alsónána";155
"Alsónyék";154
"Aparhant";153
"Attala";55
"Báta";154
"Bátaapáti";155
"Bátaszék";154
"Belecska";27
"Bikács";28
"Bogyiszló";61
"Bonyhád";153
"Bonyhádvarasd";153
"Bölcske";28
"Cikó";155
"Csibrák";27
"Csikóstőttős";96
"Dalmand";177
"Decs";154
"Diósberény";27
"Dombóvár";177
"Döbrököz";177
"Dunaföldvár";28
"Dunaszentgyörgy";154
"Dúzs";27
"Értény";177
"Fadd";154
"Fácánkert";154
"Felsőnána";27
"Felsőnyék";177
"Fürged";177
"Gerjen";154
"Grábóc";155
"Gyönk";27
"Györe";155
"Györköny";28
"Gyulaj";177
"Harc";154
"Hőgyész";27
"Iregszemcse";177
"Izmény";153
"Jágónak";96
"Kajdacs";28
"Kakasd";153
"Kalaznó";27
"Kapospula";55
"Kaposszekcső";96
"Keszőhidegkút";27
"Kéty";153
"Kisdorog";153
"Kismányok";155
"Kisszékely";27
"Kistormás";27
"Kisvejke";155
"Kocsola";177
"Koppányszántó";177
"Kölesd";27
"Kurd";177
"Lápafő";177
"Lengyel";155
"Madocsa";28
"Magyarkeszi";177
"Medina";154
"Miszla";27
"Mórágy";155
"Mőcsény";155
"Mucsfa";155
"Mucsi";27
"Murga";27
"Nagydorog";28
"Nagykónyi";177
"Nagymányok";153
"Nagyszékely";27
"Nagyszokoly";177
"Nagyvejke";155
"Nak";177
"Németkér";28
"Ozora";177
"Őcsény";154
"Paks";28
"Pálfa";27
"Pári";177
"Pincehely";177
"Pörböly";154
"Pusztahencse";28
"Regöly";177
"Sárpilis";154
"Sárszentlőrinc";27
"Simontornya";27
"Sióagárd";154
"Szakadát";27
"Szakály";177
"Szakcs";177
"Szálka";155
"Szárazd";27
"Szedres";154
"Szekszárd";154
"Tamási";177
"Tengelic";154
"Tevel";153
"Tolna";154
"Tolnanémedi";27
"Udvari";27
"Újireg";177
"Varsád";27
"Váralja";155
"Várdomb";154
"Várong";177
"Závod";155
"Zomba";153
"Acsád";175
"Alsószölnök";158
"Alsóújlak";194
"Andrásfa";194
"Apátistvánfalva";158
"Bajánsenye";85
"Balogunyom";174
"Bejcgyertyános";136
"Bérbaltavár";194
"Boba";136
"Borgáta";136
"Bozzai";174
"Bozsok";86
"Bő";18
"Bögöt";135
"Bögöte";194
"Bucsu";176
"Bük";18
"Cák";86
"Celldömölk";136
"Chernelházadamonya";18
"Csákánydoroszló";84
"Csánig";135
"Csehi";194
"Csehimindszent";194
"Csempeszkopács";174
"Csepreg";18
"Csénye";135
"Csipkerek";194
"Csönge";136
"Csörötnek";159
"Daraboshegy";85
"Dozmat";176
"Döbörhegy";194
"Döröske";194
"Duka";193
"Egervölgy";194
"Egyházashetye";136
"Egyházashollós";192
"Egyházasrádóc";84
"Felsőcsatár";176
"Felsőjánosfa";85
"Felsőmarác";85
"Felsőszölnök";158
"Gasztony";84
"Gencsapáti";174
"Gersekarát";194
"Gérce";136
"Gór";135
"Gyanógeregye";174
"Gyöngyösfalu";174
"Győrvár";194
"Halastó";85
"Halogy";85
"Harasztifalu";84
"Hegyfalu";135
"Hegyháthodász";85
"Hegyhátsál";84
"Hegyhátszentjakab";85
"Hegyhátszentmárton";85
"Hegyhátszentpéter";194
"Horvátlövő";176
"Horvátzsidány";19
"Hosszúpereszteg";194
"Ikervár";135
"Iklanberény";18
"Ispánk";85
"Ivánc";85
"Ják";176
"Jákfa";135
"Jánosháza";193
"Karakó";193
"Katafa";84
"Káld";136
"Kám";194
"Keléd";193
"Kemeneskápolna";136
"Kemenesmagasi";136
"Kemenesmihályfa";136
"Kemenespálfa";193
"Kemenessömjén";136
"Kemenesszentmárton";136
"Kemestaródfa";84
"Kenéz";135
"Kenyeri";136
"Kercaszomor";85
"Kerkáskápolna";85
"Kétvölgy";158
"Kisrákos";85
"Kissomlyó";193
"Kisunyom";174
"Kiszsidány";19
"Kondorfa";85
"Köcsk";136
"Körmend";84
"Kőszeg";86
"Kőszegdoroszló";86
"Kőszegpaty";174
"Kőszegszerdahely";86
"Lócs";18
"Lukácsháza";174
"Magyarlak";159
"Magyarnádalja";84
"Magyarszecsőd";84
"Magyarszombatfa";85
"Megyehíd";135
"Meggyeskovácsi";135
"Mersevát";136
"Mesterháza";18
"Mesteri";136
"Meszlen";175
"Mikosszéplak";194
"Molnaszecsőd";84
"Nagygeresd";18
"Nagykölked";84
"Nagymizdó";84
"Nagyrákos";85
"Nagysimonyi";136
"Nagytilaj";194
"Narda";176
"Nádasd";84
"Nárai";176
"Nemesbőd";174
"Nemescsó";175
"Nemeskeresztúr";193
"Nemeskocs";136
"Nemeskolta";174
"Nemesládony";18
"Nemesmedves";159
"Nemesrempehollós";192
"Nick";135
"Nyőgér";136
"Olaszfa";194
"Ólmod";19
"Orfalu";158
"Ostffyasszonyfa";136
"Oszkó";194
"Ölbő";135
"Őrimagyarósd";85
"Őriszentpéter";85
"Pankasz";85
"Pácsony";194
"Pápoc";136
"Pecöl";135
"Perenye";174
"Peresznye";19
"Petőmihályfa";194
"Pinkamindszent";84
"Pornóapáti";176
"Porpác";174
"Pósfa";135
"Pusztacsó";174
"Püspökmolnári";192
"Rábagyarmat";159
"Rábahídvég";192
"Rábapaty";135
"Rábatöttös";174
"Rádóckölked";84
"Rátót";84
"Répcelak";135
"Répceszentgyörgy";135
"Rönök";159
"Rum";192
"Sajtoskál";18
"Salköveskút";174
"Sárfimizdó";194
"Sárvár";135
"Sé";174
"Simaság";18
"Sitke";136
"Sorkifalud";174
"Sorkikápolna";174
"Sorokpolány";174
"Sótony";136
"Söpte";174
"Szaknyér";85
"Szakonyfalu";158
"Szalafő";85
"Szarvaskend";84
"Szatta";85
"Szeleste";135
"Szemenye";194
"Szentgotthárd";159
"Szentpéterfa";84
"Szergény";136
"Szombathely";174
"Szőce";85
"Tanakajd";174
"Táplánszentkereszt";174
"Telekes";194
"Tokorcs";136
"Tompaládony";18
"Tormásliget";18
"Torony";176
"Tömörd";175
"Uraiújfalu";135
"Vasalja";84
"Vasasszonyfa";174
"Vasegerszeg";135
"Vashosszúfalu";193
"Vaskeresztes";176
"Vassurány";174
"Vasszentmihály";159
"Vasszécseny";174
"Vasszilvágy";175
"Vasvár";194
"Vámoscsalád";135
"Vásárosmiske";136
"Vát";175
"Velem";86
"Velemér";85
"Vép";174
"Viszák";85
"Vönöck";136
"Zsennye";192
"Zsédeny";135
"Adásztevel";123
"Adorjánháza";25
"Ajka";25
"Alsóörs";181
"Apácatorna";25
"Aszófő";181
"Ábrahámhegy";180
"Badacsonytomaj";178
"Badacsonytördemic";178
"Bakonybél";211
"Bakonygyirót";210
"Bakonyjákó";125
"Bakonykoppány";125
"Bakonynána";211
"Bakonyoszlop";211
"Bakonypölöske";26
"Bakonyság";123
"Bakonyszentiván";123
"Bakonyszentkirály";211
"Bakonyszentlászló";210
"Bakonyszücs";125
"Bakonytamási";125
"Balatonakali";180
"Balatonakarattya";204
"Balatonalmádi";204
"Balatoncsicsó";179
"Balatonederics";78
"Balatonfőkajár";200
"Balatonfüred";181
"Balatonfűzfő";204
"Balatonhenye";179
"Balatonkenese";204
"Balatonrendes";180
"Balatonszepezd";180
"Balatonszőlős";181
"Balatonudvari";180
"Barnag";203
"Bazsi";147
"Bánd";202
"Berhida";201
"Béb";123
"Békás";124
"Bodorfa";148
"Borszörcsök";25
"Borzavár";211
"Csabrendek";148
"Csajág";200
"Csehbánya";202
"Csesznek";211
"Csetény";210
"Csopak";181
"Csót";123
"Csögle";25
"Dabronc";147
"Dabrony";25
"Dáka";124
"Devecser";25
"Doba";25
"Döbrönte";124
"Dörgicse";180
"Dudar";211
"Egeralja";25
"Egyházaskesző";136
"Eplény";211
"Farkasgyepű";125
"Felsőörs";181
"Fenyőfő";125
"Ganna";124
"Gecse";125
"Gic";210
"Gógánfa";147
"Gyepükaján";148
"Gyulakeszi";178
"Hajmáskér";201
"Halimba";26
"Hárskút";202
"Hegyesd";178
"Hegymagas";178
"Herend";202
"Hetyefő";147
"Hidegkút";203
"Homokbödöge";125
"Hosztót";148
"Iszkáz";25
"Jásd";211
"Kamond";25
"Kapolcs";179
"Karakószörcsök";25
"Káptalanfa";148
"Káptalantóti";178
"Kemeneshőgyész";136
"Kemenesszentpéter";136
"Kerta";25
"Kékkút";179
"Királyszentistván";201
"Kisapáti";178
"Kisberzseny";25
"Kiscsősz";25
"Kislőd";26
"Kispirit";25
"Kisszőlős";25
"Kolontár";26
"Kővágóörs";180
"Köveskál";180
"Kup";124
"Külsővat";25
"Küngös";201
"Lesencefalu";78
"Lesenceistvánd";78
"Lesencetomaj";78
"Litér";201
"Lókút";211
"Lovas";181
"Lovászpatona";125
"Magyargencs";136
"Magyarpolány";26
"Malomsok";46
"Marcalgergelyi";124
"Marcaltő";123
"Márkó";202
"Megyer";147
"Mencshely";203
"Mezőlak";123
"Mihályháza";124
"Mindszentkálla";179
"Monostorapáti";179
"Monoszló";179
"Nagyacsád";123
"Nagyalásony";25
"Nagydém";125
"Nagyesztergár";211
"Nagygyimót";123
"Nagypirit";25
"Nagytevel";123
"Nagyvázsony";203
"Nemesgörzsöny";123
"Nemesgulács";178
"Nemeshany";148
"Nemesszalók";25
"Nemesvámos";204
"Nemesvita";78
"Németbánya";125
"Nóráp";123
"Noszlop";25
"Nyárád";25
"Nyirád";148
"Óbudavár";179
"Olaszfalu";211
"Oroszi";25
"Öcs";26
"Örvényes";180
"Ősi";201
"Öskü";201
"Paloznak";181
"Papkeszi";201
"Pápa";123
"Pápadereske";124
"Pápakovácsi";123
"Pápasalamon";25
"Pápateszér";125
"Pécsely";181
"Pénzesgyőr";211
"Pétfürdő";201
"Porva";211
"Pula";179
"Pusztamiske";26
"Raposka";178
"Révfülöp";180
"Rigács";147
"Románd";210
"Salföld";178
"Sáska";178
"Sikátor";210
"Sóly";201
"Somlójenő";25
"Somlószőlős";25
"Somlóvásárhely";25
"Somlóvecse";25
"Sümeg";148
"Sümegprága";147
"Szápár";210
"Szentantalfa";179
"Szentbékkálla";179
"Szentgál";202
"Szentimrefalva";148
"Szentjakabfa";179
"Szentkirályszabadja";204
"Szigliget";178
"Szőc";148
"Tagyon";179
"Takácsi";123
"Taliándörögd";179
"Tapolca";178
"Tés";211
"Tihany";181
"Tótvázsony";203
"Tüskevár";25
"Ugod";125
"Ukk";148
"Úrkút";203
"Uzsa";78
"Vanyola";123
"Vaszar";123
"Várkesző";136
"Városlőd";202
"Várpalota";201
"Vászoly";180
"Veszprém";202
"Veszprémfajsz";204
"Veszprémgalsa";148
"Veszprémvarsány";210
"Vid";25
"Vigántpetend";179
"Vilonya";201
"Vinár";124
"Vöröstó";203
"Zalaerdőd";147
"Zalagyömörő";148
"Zalahaláp";178
"Zalameggyes";148
"Zalaszegvár";148
"Zánka";180
"Zirc";211
"Alibánfa";205
"Almásháza";205
"Alsónemesapáti";205
"Alsópáhok";77
"Alsórajk";114
"Alsószenterzsébet";2
"Babosdöbréte";207
"Baglad";1
"Bagod";206
"Bak";206
"Baktüttös";206
"Balatongyörök";77
"Balatonmagyaród";76
"Barlahida";208
"Batyk";205
"Bánokszentgyörgy";91
"Bázakerettye";91
"Becsehely";90
"Becsvölgye";209
"Belezna";20
"Belsősárd";1
"Bezeréd";205
"Bocfölde";206
"Bocska";114
"Bókaháza";77
"Boncodfölde";207
"Borsfa";91
"Böde";209
"Bödeháza";1
"Börzönce";114
"Búcsúszentlászló";205
"Bucsuta";91
"Csapi";114
"Csatár";206
"Cserszegtomaj";77
"Csertalakos";208
"Csesztreg";1
"Csonkahegyhát";209
"Csöde";209
"Csömödér";91
"Csörnyeföld";90
"Dióskál";76
"Dobri";90
"Dobronhegy";207
"Döbröce";147
"Dötk";205
"Egeraracsa";76
"Egervár";194
"Eszteregnye";114
"Esztergályhorváti";77
"Felsőpáhok";77
"Felsőrajk";114
"Felsőszenterzsébet";2
"Fityeház";114
"Fűzvölgy";114
"Galambok";114
"Garabonc";114
"Gáborjánháza";1
"Gellénháza";208
"Gelse";114
"Gelsesziget";114
"Gétye";76
"Gombosszeg";209
"Gosztola";1
"Gősfa";194
"Gutorfölde";208
"Gyenesdiás";77
"Gyűrűs";205
"Hagyárosbörönd";207
"Hahót";114
"Hernyék";91
"Hévíz";77
"Homokkomárom";114
"Hosszúvölgy";114
"Hottó";207
"Iborfia";208
"Iklódbördőce";1
"Kacorlak";114
"Kallósd";205
"Karmacs";77
"Kálócfa";2
"Kányavár";91
"Kávás";207
"Kehidakustány";77
"Kemendollár";205
"Keménfa";207
"Kerecseny";114
"Kerkabarabás";1
"Kerkafalva";2
"Kerkakutas";2
"Kerkaszentkirály";90
"Kerkateskánd";1
"Keszthely";77
"Kilimán";114
"Kisbucsa";205
"Kiscsehi";91
"Kisgörbő";147
"Kiskutas";206
"Kispáli";206
"Kisrécse";114
"Kissziget";91
"Kistolmács";91
"Kisvásárhely";147
"Kozmadombja";2
"Kustánszeg";209
"Külsősárd";1
"Lakhegy";194
"Lasztonya";91
"Lendvadedes";1
"Lendvajakabfa";1
"Lenti";1
"Letenye";90
"Lickóvadamos";208
"Ligetfalva";77
"Lispeszentadorján";91
"Liszó";20
"Lovászi";90
"Magyarföld";2
"Magyarszentmiklós";114
"Magyarszerdahely";114
"Maróc";91
"Márokföld";2
"Miháld";21
"Mihályfa";147
"Mikekarácsonyfa";208
"Milejszeg";209
"Misefa";205
"Molnári";90
"Murakeresztúr";114
"Murarátka";90
"Muraszemenye";90
"Nagybakónak";114
"Nagygörbő";147
"Nagykanizsa";114
"Nagykapornak";205
"Nagykutas";206
"Nagylengyel";208
"Nagypáli";206
"Nagyrada";114
"Nagyrécse";114
"Nemesapáti";205
"Nemesbük";77
"Nemeshetés";205
"Nemesnép";1
"Nemespátró";20
"Nemesrádó";205
"Nemessándorháza";205
"Nemesszentandrás";205
"Németfalu";209
"Nova";208
"Óhíd";147
"Oltárc";91
"Orbányosfa";205
"Ormándlak";208
"Orosztony";114
"Ortaháza";91
"Ozmánbük";207
"Pacsa";76
"Padár";205
"Pakod";205
"Pat";21
"Páka";91
"Pálfiszeg";209
"Pethőhenye";206
"Petrikeresztúr";208
"Petrivente";90
"Pókaszepetk";205
"Pórszombat";2
"Pölöske";205
"Pölöskefő";114
"Pördefölde";91
"Pötréte";114
"Pusztaapáti";209
"Pusztaederics";208
"Pusztamagyaród";91
"Pusztaszentlászló";206
"Ramocsa";2
"Resznek";1
"Rezi";77
"Rédics";1
"Rigyác";114
"Salomvár";207
"Sand";21
"Sárhida";206
"Sármellék";77
"Semjénháza";90
"Sénye";146
"Sormás";114
"Söjtör";206
"Surd";20
"Sümegcsehi";147
"Szalapa";147
"Szentgyörgyvár";77
"Szentgyörgyvölgy";2
"Szentkozmadombja";208
"Szentliszló";91
"Szentmargitfalva";91
"Szentpéterfölde";208
"Szentpéterúr";76
"Szepetnek";114
"Szécsisziget";1
"Szijártóháza";1
"Szilvágy";209
"Tekenye";146
"Teskánd";206
"Tilaj";77
"Tófej";206
"Tormafölde";1
"Tornyiszentmiklós";90
"Tótszentmárton";90
"Tótszerdahely";90
"Türje";147
"Újudvar";114
"Valkonya";91
"Vasboldogasszony";194
"Vaspör";207
"Vállus";77
"Várfölde";91
"Várvölgy";77
"Vindornyafok";77
"Vindornyalak";77
"Vindornyaszőlős";147
"Vonyarcvashegy";77
"Vöckönd";205
"Zajk";91
"Zalaapáti";77
"Zalabaksa";1
"Zalabér";205
"Zalaboldogfa";206
"Zalacsány";77
"Zalacséb";207
"Zalaegerszeg";206
"Zalaháshágy";207
"Zalaigrice";76
"Zalaistvánd";205
"Zalakaros";114
"Zalakomár";76
"Zalaköveskút";77
"Zalalövő";207
"Zalamerenye";114
"Zalasárszeg";114
"Zalaszabar";114
"Zalaszántó";77
"Zalaszentbalázs";114
"Zalaszentgrót";146
"Zalaszentgyörgy";206
"Zalaszentiván";205
"Zalaszentjakab";114
"Zalaszentlászló";146
"Zalaszentlőrinc";205
"Zalaszentmárton";77
"Zalaszentmihály";205
"Zalaszombatfa";1
"Zalatárnok";208
"Zalaújlak";114
"Zalavár";77
"Zalavég";205
"Zebecke";91
"I. kerület";15
"II. kerület";15
"III. kerület";15
"IV. kerület";15
"V. kerület";15
"VI. kerület";15
"VII. kerület";15
"VIII. kerület";15
"IX. kerület";15
"X. kerület";15
"XI. kerület";15
"XII. kerület";15
"XIII. kerület";15
"XIV. kerület";15
"XV. kerület";15
"XVI. kerület";15
"XVII. kerület";15
"XVIII. kerület";15
"XIX. kerület";15
"XX. kerület";15
"XXI. kerület";15
"XXII. kerület";15
"XXIII. kerület";15
